Date,Time,WBGT,Tg
2025/5/1,1:00,10.1,9.9
2025/5/1,2:00,9.9,10.1
2025/5/1,3:00,9.7,9.9
2025/5/1,4:00,9.6,9.5
2025/5/1,5:00,9.5,9.7
2025/5/1,6:00,10.2,12.2
2025/5/1,7:00,12.5,19.0
2025/5/1,8:00,16.4,31.8
2025/5/1,9:00,19.0,34.6
2025/5/1,10:00,19.4,32.2
2025/5/1,11:00,20.5,36.4
2025/5/1,12:00,20.5,32.4
2025/5/1,13:00,21.1,36.3
2025/5/1,14:00,21.3,37.4
2025/5/1,15:00,19.5,28.8
2025/5/1,16:00,20.0,31.6
2025/5/1,17:00,18.2,26.8
2025/5/1,18:00,16.7,19.8
2025/5/1,19:00,15.8,16.7
2025/5/1,20:00,15.3,16.0
2025/5/1,21:00,14.8,15.2
2025/5/1,22:00,14.5,14.9
2025/5/1,23:00,14.0,14.5
2025/5/1,24:00,13.7,13.5
2025/5/2,1:00,14.3,14.5
2025/5/2,2:00,14.1,13.8
2025/5/2,3:00,14.0,13.7
2025/5/2,4:00,13.7,12.9
2025/5/2,5:00,13.4,13.5
2025/5/2,6:00,14.0,14.9
2025/5/2,7:00,15.6,17.9
2025/5/2,8:00,17.3,24.1
2025/5/2,9:00,18.0,25.6
2025/5/2,10:00,17.2,21.4
2025/5/2,11:00,16.3,17.3
2025/5/2,12:00,15.8,16.3
2025/5/2,13:00,16.3,18.3
2025/5/2,14:00,17.1,20.5
2025/5/2,15:00,16.2,17.1
2025/5/2,16:00,15.7,15.7
2025/5/2,17:00,15.3,15.2
2025/5/2,18:00,14.3,14.1
2025/5/2,19:00,14.3,14.0
2025/5/2,20:00,14.3,14.0
2025/5/2,21:00,13.1,12.9
2025/5/2,22:00,13.0,12.8
2025/5/2,23:00,13.6,13.4
2025/5/2,24:00,13.3,13.1
2025/5/3,1:00,13.4,13.2
2025/5/3,2:00,13.4,13.2
2025/5/3,3:00,13.4,13.3
2025/5/3,4:00,13.3,13.5
2025/5/3,5:00,12.5,13.7
2025/5/3,6:00,11.9,14.0
2025/5/3,7:00,13.6,22.7
2025/5/3,8:00,13.9,22.6
2025/5/3,9:00,16.5,30.7
2025/5/3,10:00,17.9,34.4
2025/5/3,11:00,19.4,36.7
2025/5/3,12:00,19.7,37.8
2025/5/3,13:00,17.7,30.2
2025/5/3,14:00,18.4,32.5
2025/5/3,15:00,17.8,28.7
2025/5/3,16:00,16.8,27.1
2025/5/3,17:00,15.3,21.8
2025/5/3,18:00,13.9,15.5
2025/5/3,19:00,13.5,13.7
2025/5/3,20:00,13.3,13.5
2025/5/3,21:00,13.2,13.6
2025/5/3,22:00,13.4,13.9
2025/5/3,23:00,13.3,13.3
2025/5/3,24:00,14.0,14.8
2025/5/4,1:00,13.7,13.5
2025/5/4,2:00,12.8,11.9
2025/5/4,3:00,12.5,12.5
2025/5/4,4:00,12.7,12.5
2025/5/4,5:00,12.5,12.6
2025/5/4,6:00,13.2,14.9
2025/5/4,7:00,13.6,17.0
2025/5/4,8:00,15.8,25.4
2025/5/4,9:00,18.5,32.5
2025/5/4,10:00,19.4,33.5
2025/5/4,11:00,18.2,28.7
2025/5/4,12:00,17.5,26.3
2025/5/4,13:00,17.5,26.6
2025/5/4,14:00,18.6,30.6
2025/5/4,15:00,16.7,24.8
2025/5/4,16:00,16.8,25.6
2025/5/4,17:00,15.9,23.8
2025/5/4,18:00,13.7,17.1
2025/5/4,19:00,12.0,13.6
2025/5/4,20:00,11.8,14.4
2025/5/4,21:00,11.4,11.7
2025/5/4,22:00,11.5,11.1
2025/5/4,23:00,11.0,9.1
2025/5/4,24:00,10.8,9.2
2025/5/5,1:00,9.6,7.7
2025/5/5,2:00,9.9,8.2
2025/5/5,3:00,9.2,7.4
2025/5/5,4:00,8.2,6.7
2025/5/5,5:00,7.6,6.0
2025/5/5,6:00,9.1,10.0
2025/5/5,7:00,11.7,18.1
2025/5/5,8:00,13.4,24.2
2025/5/5,9:00,15.0,28.0
2025/5/5,10:00,15.4,26.8
2025/5/5,11:00,17.9,32.0
2025/5/5,12:00,17.2,33.0
2025/5/5,13:00,17.5,34.0
2025/5/5,14:00,18.1,32.4
2025/5/5,15:00,17.0,29.2
2025/5/5,16:00,16.1,26.5
2025/5/5,17:00,14.3,20.7
2025/5/5,18:00,14.4,18.3
2025/5/5,19:00,14.2,16.8
2025/5/5,20:00,14.0,16.6
2025/5/5,21:00,14.2,16.1
2025/5/5,22:00,14.3,15.6
2025/5/5,23:00,14.6,15.7
2025/5/5,24:00,14.4,16.1
2025/5/6,1:00,13.4,15.4
2025/5/6,2:00,13.1,15.0
2025/5/6,3:00,13.2,13.5
2025/5/6,4:00,12.5,12.6
2025/5/6,5:00,13.0,13.1
2025/5/6,6:00,13.2,14.4
2025/5/6,7:00,13.6,15.3
2025/5/6,8:00,13.4,13.9
2025/5/6,9:00,13.4,13.5
2025/5/6,10:00,13.7,14.0
2025/5/6,11:00,13.8,13.9
2025/5/6,12:00,13.3,14.1
2025/5/6,13:00,13.9,15.8
2025/5/6,14:00,13.9,15.0
2025/5/6,15:00,13.7,15.2
2025/5/6,16:00,13.7,14.2
2025/5/6,17:00,13.2,13.3
2025/5/6,18:00,13.1,13.0
2025/5/6,19:00,13.2,12.9
2025/5/6,20:00,13.4,13.2
2025/5/6,21:00,13.4,13.2
2025/5/6,22:00,13.4,13.1
2025/5/6,23:00,13.1,12.9
2025/5/6,24:00,13.1,12.8
2025/5/7,1:00,12.6,12.2
2025/5/7,2:00,12.1,11.3
2025/5/7,3:00,12.7,12.4
2025/5/7,4:00,12.3,12.1
2025/5/7,5:00,12.0,11.7
2025/5/7,6:00,12.7,12.8
2025/5/7,7:00,15.6,25.6
2025/5/7,8:00,18.1,32.5
2025/5/7,9:00,19.0,33.7
2025/5/7,10:00,17.7,31.0
2025/5/7,11:00,18.0,33.8
2025/5/7,12:00,17.6,32.2
2025/5/7,13:00,18.3,34.8
2025/5/7,14:00,18.6,36.9
2025/5/7,15:00,16.7,29.3
2025/5/7,16:00,14.5,23.1
2025/5/7,17:00,14.5,23.7
2025/5/7,18:00,12.9,17.3
2025/5/7,19:00,11.4,14.9
2025/5/7,20:00,10.8,13.1
2025/5/7,21:00,10.7,12.9
2025/5/7,22:00,11.3,11.8
2025/5/7,23:00,11.6,12.4
2025/5/7,24:00,10.8,11.9
2025/5/8,1:00,10.7,11.7
2025/5/8,2:00,10.0,10.9
2025/5/8,3:00,9.9,11.0
2025/5/8,4:00,9.4,10.0
2025/5/8,5:00,9.5,10.9
2025/5/8,6:00,10.4,13.9
2025/5/8,7:00,11.0,16.2
2025/5/8,8:00,14.2,31.6
2025/5/8,9:00,15.4,34.1
2025/5/8,10:00,15.7,35.5
2025/5/8,11:00,16.8,32.4
2025/5/8,12:00,17.0,33.0
2025/5/8,13:00,17.5,32.1
2025/5/8,14:00,16.4,32.2
2025/5/8,15:00,15.4,28.5
2025/5/8,16:00,15.5,29.1
2025/5/8,17:00,13.8,25.2
2025/5/8,18:00,13.2,16.6
2025/5/8,19:00,13.4,13.6
2025/5/8,20:00,13.2,12.4
2025/5/8,21:00,13.7,12.5
2025/5/8,22:00,13.6,12.7
2025/5/8,23:00,11.1,10.5
2025/5/8,24:00,10.7,10.0
2025/5/9,1:00,10.9,11.3
2025/5/9,2:00,11.2,11.4
2025/5/9,3:00,11.5,11.7
2025/5/9,4:00,11.6,11.7
2025/5/9,5:00,11.8,12.1
2025/5/9,6:00,13.5,17.5
2025/5/9,7:00,15.2,22.6
2025/5/9,8:00,16.6,24.6
2025/5/9,9:00,19.0,32.5
2025/5/9,10:00,18.0,25.5
2025/5/9,11:00,18.6,27.5
2025/5/9,12:00,18.4,27.0
2025/5/9,13:00,20.0,32.5
2025/5/9,14:00,19.1,28.9
2025/5/9,15:00,19.5,31.7
2025/5/9,16:00,17.4,24.5
2025/5/9,17:00,16.3,21.4
2025/5/9,18:00,15.6,19.1
2025/5/9,19:00,15.4,17.6
2025/5/9,20:00,15.9,17.8
2025/5/9,21:00,15.6,16.0
2025/5/9,22:00,15.5,15.2
2025/5/9,23:00,15.2,15.1
2025/5/9,24:00,14.6,14.5
2025/5/10,1:00,14.3,14.0
2025/5/10,2:00,14.2,14.0
2025/5/10,3:00,14.5,14.3
2025/5/10,4:00,15.0,14.7
2025/5/10,5:00,15.5,15.2
2025/5/10,6:00,16.5,16.4
2025/5/10,7:00,17.0,17.0
2025/5/10,8:00,17.4,17.6
2025/5/10,9:00,18.1,18.7
2025/5/10,10:00,18.8,20.0
2025/5/10,11:00,18.6,19.8
2025/5/10,12:00,18.7,20.7
2025/5/10,13:00,19.9,25.7
2025/5/10,14:00,20.1,22.9
2025/5/10,15:00,19.6,21.2
2025/5/10,16:00,19.4,20.4
2025/5/10,17:00,19.5,21.0
2025/5/10,18:00,19.6,20.2
2025/5/10,19:00,19.5,19.8
2025/5/10,20:00,19.8,20.1
2025/5/10,21:00,19.2,19.3
2025/5/10,22:00,18.6,18.5
2025/5/10,23:00,18.5,18.5
2025/5/10,24:00,18.3,17.9
2025/5/11,1:00,16.9,17.6
2025/5/11,2:00,15.2,15.7
2025/5/11,3:00,13.9,13.6
2025/5/11,4:00,13.5,12.6
2025/5/11,5:00,13.4,13.0
2025/5/11,6:00,16.1,21.2
2025/5/11,7:00,17.5,26.8
2025/5/11,8:00,19.9,34.4
2025/5/11,9:00,21.5,39.2
2025/5/11,10:00,19.7,29.3
2025/5/11,11:00,22.8,40.9
2025/5/11,12:00,20.2,32.7
2025/5/11,13:00,20.8,35.5
2025/5/11,14:00,21.4,35.9
2025/5/11,15:00,20.6,35.2
2025/5/11,16:00,20.2,32.0
2025/5/11,17:00,17.9,21.7
2025/5/11,18:00,17.4,19.8
2025/5/11,19:00,17.1,18.2
2025/5/11,20:00,16.5,17.8
2025/5/11,21:00,16.2,17.6
2025/5/11,22:00,16.1,17.2
2025/5/11,23:00,15.3,16.4
2025/5/11,24:00,14.6,14.7
2025/5/12,1:00,14.3,14.1
2025/5/12,2:00,14.1,14.0
2025/5/12,3:00,13.4,13.3
2025/5/12,4:00,13.3,13.0
2025/5/12,5:00,13.5,13.4
2025/5/12,6:00,12.9,12.8
2025/5/12,7:00,13.0,13.1
2025/5/12,8:00,12.8,13.0
2025/5/12,9:00,13.1,13.6
2025/5/12,10:00,13.5,13.9
2025/5/12,11:00,13.7,15.2
2025/5/12,12:00,14.2,16.7
2025/5/12,13:00,14.3,16.6
2025/5/12,14:00,16.5,23.9
2025/5/12,15:00,17.9,28.9
2025/5/12,16:00,15.4,18.9
2025/5/12,17:00,16.1,21.9
2025/5/12,18:00,14.4,15.4
2025/5/12,19:00,13.8,13.3
2025/5/12,20:00,13.5,12.8
2025/5/12,21:00,13.5,12.3
2025/5/12,22:00,13.3,11.8
2025/5/12,23:00,13.4,12.2
2025/5/12,24:00,13.1,12.3
2025/5/13,1:00,13.2,12.2
2025/5/13,2:00,13.0,11.8
2025/5/13,3:00,12.5,11.0
2025/5/13,4:00,12.0,11.0
2025/5/13,5:00,12.5,12.2
2025/5/13,6:00,13.1,13.2
2025/5/13,7:00,14.0,16.2
2025/5/13,8:00,17.8,29.2
2025/5/13,9:00,20.0,34.5
2025/5/13,10:00,20.6,34.8
2025/5/13,11:00,21.8,38.1
2025/5/13,12:00,21.4,35.3
2025/5/13,13:00,21.6,37.9
2025/5/13,14:00,21.0,35.4
2025/5/13,15:00,20.7,34.4
2025/5/13,16:00,20.3,32.8
2025/5/13,17:00,19.4,29.3
2025/5/13,18:00,17.0,21.4
2025/5/13,19:00,15.8,18.2
2025/5/13,20:00,15.1,17.0
2025/5/13,21:00,14.8,16.2
2025/5/13,22:00,14.5,15.1
2025/5/13,23:00,13.9,13.5
2025/5/13,24:00,13.6,12.5
2025/5/14,1:00,13.1,12.1
2025/5/14,2:00,12.9,11.7
2025/5/14,3:00,12.7,11.8
2025/5/14,4:00,12.3,11.0
2025/5/14,5:00,12.1,11.4
2025/5/14,6:00,14.7,20.6
2025/5/14,7:00,16.8,25.9
2025/5/14,8:00,19.7,31.4
2025/5/14,9:00,20.5,34.6
2025/5/14,10:00,22.3,37.4
2025/5/14,11:00,20.8,34.6
2025/5/14,12:00,21.7,32.5
2025/5/14,13:00,22.1,35.3
2025/5/14,14:00,21.2,33.0
2025/5/14,15:00,20.0,29.6
2025/5/14,16:00,20.7,31.2
2025/5/14,17:00,19.7,26.4
2025/5/14,18:00,18.3,20.4
2025/5/14,19:00,17.4,17.1
2025/5/14,20:00,17.1,16.5
2025/5/14,21:00,17.0,15.9
2025/5/14,22:00,16.1,14.9
2025/5/14,23:00,16.1,15.0
2025/5/14,24:00,15.5,14.3
2025/5/15,1:00,15.2,14.0
2025/5/15,2:00,14.5,13.5
2025/5/15,3:00,14.5,14.1
2025/5/15,4:00,13.8,12.6
2025/5/15,5:00,13.9,13.2
2025/5/15,6:00,15.7,18.9
2025/5/15,7:00,19.6,30.0
2025/5/15,8:00,20.2,28.2
2025/5/15,9:00,21.4,32.1
2025/5/15,10:00,21.4,32.9
2025/5/15,11:00,23.2,37.2
2025/5/15,12:00,23.7,39.1
2025/5/15,13:00,22.3,35.2
2025/5/15,14:00,22.1,33.4
2025/5/15,15:00,22.5,35.3
2025/5/15,16:00,20.5,27.6
2025/5/15,17:00,19.9,24.4
2025/5/15,18:00,19.2,21.1
2025/5/15,19:00,18.5,19.4
2025/5/15,20:00,17.7,18.5
2025/5/15,21:00,17.7,18.4
2025/5/15,22:00,17.5,17.6
2025/5/15,23:00,17.5,17.7
2025/5/15,24:00,17.5,17.2
2025/5/16,1:00,17.6,17.1
2025/5/16,2:00,16.9,16.6
2025/5/16,3:00,16.4,15.4
2025/5/16,4:00,16.3,15.3
2025/5/16,5:00,15.9,15.4
2025/5/16,6:00,17.0,18.9
2025/5/16,7:00,19.2,25.4
2025/5/16,8:00,21.6,31.5
2025/5/16,9:00,22.9,37.2
2025/5/16,10:00,23.8,41.1
2025/5/16,11:00,22.6,35.0
2025/5/16,12:00,23.6,37.2
2025/5/16,13:00,24.3,39.8
2025/5/16,14:00,22.8,34.0
2025/5/16,15:00,22.9,33.7
2025/5/16,16:00,22.5,31.4
2025/5/16,17:00,20.9,26.6
2025/5/16,18:00,19.2,22.3
2025/5/16,19:00,19.0,20.4
2025/5/16,20:00,18.8,20.1
2025/5/16,21:00,18.5,20.1
2025/5/16,22:00,18.3,19.5
2025/5/16,23:00,18.1,19.5
2025/5/16,24:00,18.1,19.2
2025/5/17,1:00,17.9,18.4
2025/5/17,2:00,17.9,18.4
2025/5/17,3:00,17.8,18.2
2025/5/17,4:00,17.8,18.1
2025/5/17,5:00,17.9,17.7
2025/5/17,6:00,18.2,18.6
2025/5/17,7:00,18.4,19.4
2025/5/17,8:00,18.3,18.8
2025/5/17,9:00,18.8,19.6
2025/5/17,10:00,18.9,19.8
2025/5/17,11:00,19.5,19.8
2025/5/17,12:00,20.1,20.0
2025/5/17,13:00,20.6,21.4
2025/5/17,14:00,20.8,21.2
2025/5/17,15:00,21.2,21.7
2025/5/17,16:00,21.4,21.6
2025/5/17,17:00,21.6,21.4
2025/5/17,18:00,22.3,22.1
2025/5/17,19:00,22.2,21.9
2025/5/17,20:00,22.0,22.0
2025/5/17,21:00,21.9,21.8
2025/5/17,22:00,21.1,21.3
2025/5/17,23:00,20.8,20.8
2025/5/17,24:00,20.7,20.6
2025/5/18,1:00,20.3,19.4
2025/5/18,2:00,19.9,19.1
2025/5/18,3:00,19.5,19.1
2025/5/18,4:00,19.3,19.0
2025/5/18,5:00,19.2,18.9
2025/5/18,6:00,19.9,21.1
2025/5/18,7:00,21.4,24.4
2025/5/18,8:00,22.6,28.1
2025/5/18,9:00,25.4,37.7
2025/5/18,10:00,22.8,27.5
2025/5/18,11:00,24.2,32.6
2025/5/18,12:00,23.8,30.2
2025/5/18,13:00,25.1,33.1
2025/5/18,14:00,26.5,38.6
2025/5/18,15:00,24.9,31.1
2025/5/18,16:00,24.3,29.8
2025/5/18,17:00,24.9,32.5
2025/5/18,18:00,22.8,24.9
2025/5/18,19:00,21.8,23.0
2025/5/18,20:00,21.5,23.0
2025/5/18,21:00,21.3,22.5
2025/5/18,22:00,21.1,22.4
2025/5/18,23:00,19.3,20.1
2025/5/18,24:00,19.6,19.4
2025/5/19,1:00,19.1,19.5
2025/5/19,2:00,18.2,19.2
2025/5/19,3:00,17.2,18.7
2025/5/19,4:00,16.0,17.6
2025/5/19,5:00,15.3,15.5
2025/5/19,6:00,15.0,14.7
2025/5/19,7:00,14.5,14.8
2025/5/19,8:00,14.4,14.9
2025/5/19,9:00,14.5,15.0
2025/5/19,10:00,14.6,16.6
2025/5/19,11:00,14.4,17.4
2025/5/19,12:00,14.0,17.1
2025/5/19,13:00,13.7,17.6
2025/5/19,14:00,14.2,18.1
2025/5/19,15:00,14.8,18.4
2025/5/19,16:00,15.4,19.6
2025/5/19,17:00,15.9,20.6
2025/5/19,18:00,15.1,17.1
2025/5/19,19:00,15.0,15.9
2025/5/19,20:00,15.0,15.8
2025/5/19,21:00,15.1,16.0
2025/5/19,22:00,15.0,16.1
2025/5/19,23:00,15.3,15.9
2025/5/19,24:00,15.4,16.0
2025/5/20,1:00,15.1,15.3
2025/5/20,2:00,15.2,15.9
2025/5/20,3:00,15.1,15.8
2025/5/20,4:00,14.9,15.0
2025/5/20,5:00,14.7,14.6
2025/5/20,6:00,16.3,21.8
2025/5/20,7:00,18.4,28.8
2025/5/20,8:00,20.5,31.1
2025/5/20,9:00,22.4,33.9
2025/5/20,10:00,24.2,39.0
2025/5/20,11:00,24.2,38.9
2025/5/20,12:00,25.8,40.8
2025/5/20,13:00,26.0,42.1
2025/5/20,14:00,26.3,44.3
2025/5/20,15:00,26.4,41.9
2025/5/20,16:00,26.1,40.6
2025/5/20,17:00,24.4,33.8
2025/5/20,18:00,21.4,25.0
2025/5/20,19:00,19.2,19.9
2025/5/20,20:00,18.7,18.6
2025/5/20,21:00,18.3,17.9
2025/5/20,22:00,18.5,18.0
2025/5/20,23:00,18.3,17.8
2025/5/20,24:00,18.2,17.4
2025/5/21,1:00,18.3,17.5
2025/5/21,2:00,17.8,17.1
2025/5/21,3:00,17.5,16.5
2025/5/21,4:00,17.4,16.7
2025/5/21,5:00,17.1,16.8
2025/5/21,6:00,18.3,20.4
2025/5/21,7:00,21.0,30.7
2025/5/21,8:00,23.1,36.8
2025/5/21,9:00,23.9,40.7
2025/5/21,10:00,25.1,41.0
2025/5/21,11:00,26.3,42.7
2025/5/21,12:00,27.0,43.9
2025/5/21,13:00,27.3,42.2
2025/5/21,14:00,26.5,40.9
2025/5/21,15:00,25.9,38.0
2025/5/21,16:00,26.0,35.9
2025/5/21,17:00,25.5,33.1
2025/5/21,18:00,23.6,26.5
2025/5/21,19:00,22.6,24.4
2025/5/21,20:00,22.3,23.5
2025/5/21,21:00,21.9,23.1
2025/5/21,22:00,21.6,22.7
2025/5/21,23:00,21.6,22.2
2025/5/21,24:00,21.4,22.2
2025/5/22,1:00,21.4,22.3
2025/5/22,2:00,21.3,21.9
2025/5/22,3:00,21.2,21.7
2025/5/22,4:00,20.4,20.4
2025/5/22,5:00,20.8,20.9
2025/5/22,6:00,21.4,22.9
2025/5/22,7:00,22.0,25.2
2025/5/22,8:00,22.8,27.0
2025/5/22,9:00,22.2,25.0
2025/5/22,10:00,18.9,22.3
2025/5/22,11:00,20.8,31.7
2025/5/22,12:00,20.7,31.6
2025/5/22,13:00,21.6,35.0
2025/5/22,14:00,19.5,28.8
2025/5/22,15:00,17.6,23.2
2025/5/22,16:00,16.3,19.4
2025/5/22,17:00,15.7,17.7
2025/5/22,18:00,14.8,16.2
2025/5/22,19:00,14.4,15.1
2025/5/22,20:00,14.3,15.6
2025/5/22,21:00,14.2,15.6
2025/5/22,22:00,13.7,14.9
2025/5/22,23:00,13.6,14.8
2025/5/22,24:00,13.6,14.3
2025/5/23,1:00,13.3,14.2
2025/5/23,2:00,13.5,14.3
2025/5/23,3:00,13.5,14.2
2025/5/23,4:00,13.6,14.1
2025/5/23,5:00,13.7,14.4
2025/5/23,6:00,14.1,15.7
2025/5/23,7:00,14.9,18.9
2025/5/23,8:00,15.8,22.1
2025/5/23,9:00,16.6,24.1
2025/5/23,10:00,17.2,27.5
2025/5/23,11:00,17.5,28.2
2025/5/23,12:00,19.2,32.8
2025/5/23,13:00,17.8,30.1
2025/5/23,14:00,17.7,31.7
2025/5/23,15:00,15.6,25.1
2025/5/23,16:00,15.0,22.3
2025/5/23,17:00,15.6,21.4
2025/5/23,18:00,14.8,15.8
2025/5/23,19:00,14.3,14.3
2025/5/23,20:00,13.9,14.1
2025/5/23,21:00,13.4,13.6
2025/5/23,22:00,12.7,13.6
2025/5/23,23:00,12.6,13.3
2025/5/23,24:00,12.4,12.8
2025/5/24,1:00,12.1,12.1
2025/5/24,2:00,12.2,12.5
2025/5/24,3:00,12.3,12.4
2025/5/24,4:00,12.5,12.6
2025/5/24,5:00,13.2,13.7
2025/5/24,6:00,13.5,15.0
2025/5/24,7:00,15.4,20.8
2025/5/24,8:00,16.5,23.1
2025/5/24,9:00,17.6,25.5
2025/5/24,10:00,17.1,23.9
2025/5/24,11:00,17.9,26.7
2025/5/24,12:00,17.4,24.2
2025/5/24,13:00,17.9,26.2
2025/5/24,14:00,18.0,25.8
2025/5/24,15:00,17.0,22.5
2025/5/24,16:00,15.9,19.4
2025/5/24,17:00,15.2,17.4
2025/5/24,18:00,15.1,16.5
2025/5/24,19:00,14.8,15.3
2025/5/24,20:00,14.9,14.9
2025/5/24,21:00,14.8,14.6
2025/5/24,22:00,14.7,14.5
2025/5/24,23:00,14.5,14.2
2025/5/24,24:00,14.3,14.1
2025/5/25,1:00,14.5,14.3
2025/5/25,2:00,14.5,14.2
2025/5/25,3:00,14.3,14.1
2025/5/25,4:00,14.4,14.1
2025/5/25,5:00,14.4,14.1
2025/5/25,6:00,14.7,14.9
2025/5/25,7:00,14.8,15.3
2025/5/25,8:00,15.8,17.3
2025/5/25,9:00,16.6,21.1
2025/5/25,10:00,17.7,23.9
2025/5/25,11:00,18.3,24.1
2025/5/25,12:00,16.3,18.2
2025/5/25,13:00,16.0,18.7
2025/5/25,14:00,15.9,18.3
2025/5/25,15:00,15.3,17.6
2025/5/25,16:00,14.9,16.2
2025/5/25,17:00,14.7,15.4
2025/5/25,18:00,14.3,14.2
2025/5/25,19:00,14.0,13.9
2025/5/25,20:00,14.1,13.9
2025/5/25,21:00,14.1,13.9
2025/5/25,22:00,14.3,13.8
2025/5/25,23:00,14.6,14.2
2025/5/25,24:00,14.6,14.1
2025/5/26,1:00,14.6,14.1
2025/5/26,2:00,14.4,13.5
2025/5/26,3:00,14.3,13.4
2025/5/26,4:00,14.1,13.6
2025/5/26,5:00,14.0,14.0
2025/5/26,6:00,14.8,16.1
2025/5/26,7:00,15.9,20.3
2025/5/26,8:00,16.4,24.4
2025/5/26,9:00,18.0,30.8
2025/5/26,10:00,17.8,31.5
2025/5/26,11:00,17.6,31.7
2025/5/26,12:00,17.2,28.4
2025/5/26,13:00,17.0,28.1
2025/5/26,14:00,16.5,27.1
2025/5/26,15:00,15.3,23.6
2025/5/26,16:00,15.5,22.2
2025/5/26,17:00,14.6,19.6
2025/5/26,18:00,13.8,16.4
2025/5/26,19:00,13.9,14.9
2025/5/26,20:00,13.6,14.3
2025/5/26,21:00,13.5,13.8
2025/5/26,22:00,13.4,13.2
2025/5/26,23:00,13.1,12.9
2025/5/26,24:00,13.0,12.3
2025/5/27,1:00,12.7,12.0
2025/5/27,2:00,12.4,11.7
2025/5/27,3:00,12.2,11.7
2025/5/27,4:00,12.0,11.4
2025/5/27,5:00,12.0,11.6
2025/5/27,6:00,13.1,15.2
2025/5/27,7:00,13.9,16.9
2025/5/27,8:00,15.5,21.2
2025/5/27,9:00,15.9,23.0
2025/5/27,10:00,17.0,26.7
2025/5/27,11:00,17.2,26.1
2025/5/27,12:00,16.8,25.3
2025/5/27,13:00,17.0,24.9
2025/5/27,14:00,16.4,23.6
2025/5/27,15:00,16.2,21.3
2025/5/27,16:00,17.0,24.0
2025/5/27,17:00,15.8,19.4
2025/5/27,18:00,15.1,17.6
2025/5/27,19:00,14.4,16.3
2025/5/27,20:00,13.7,13.6
2025/5/27,21:00,14.1,13.7
2025/5/27,22:00,14.4,14.1
2025/5/27,23:00,14.5,13.5
2025/5/27,24:00,14.4,13.6
2025/5/28,1:00,14.4,13.6
2025/5/28,2:00,14.3,13.8
2025/5/28,3:00,14.3,13.8
2025/5/28,4:00,14.2,13.8
2025/5/28,5:00,14.1,13.7
2025/5/28,6:00,14.4,14.9
2025/5/28,7:00,17.9,27.0
2025/5/28,8:00,19.4,32.9
2025/5/28,9:00,18.5,31.0
2025/5/28,10:00,19.5,32.7
2025/5/28,11:00,20.0,30.6
2025/5/28,12:00,20.0,32.4
2025/5/28,13:00,19.3,30.8
2025/5/28,14:00,19.0,29.9
2025/5/28,15:00,18.6,30.0
2025/5/28,16:00,17.8,28.9
2025/5/28,17:00,15.3,19.6
2025/5/28,18:00,15.1,17.6
2025/5/28,19:00,14.6,14.9
2025/5/28,20:00,14.1,13.6
2025/5/28,21:00,14.3,13.9
2025/5/28,22:00,14.6,14.7
2025/5/28,23:00,14.7,15.2
2025/5/28,24:00,14.1,13.7
2025/5/29,1:00,13.6,12.8
2025/5/29,2:00,13.5,12.7
2025/5/29,3:00,13.3,12.7
2025/5/29,4:00,13.2,12.5
2025/5/29,5:00,13.5,13.7
2025/5/29,6:00,14.1,16.8
2025/5/29,7:00,16.0,24.0
2025/5/29,8:00,20.0,34.2
2025/5/29,9:00,20.5,38.9
2025/5/29,10:00,20.9,38.3
2025/5/29,11:00,21.6,37.9
2025/5/29,12:00,21.2,37.6
2025/5/29,13:00,19.5,34.6
2025/5/29,14:00,19.1,34.3
2025/5/29,15:00,17.9,27.2
2025/5/29,16:00,16.3,22.8
2025/5/29,17:00,16.3,19.6
2025/5/29,18:00,16.6,18.3
2025/5/29,19:00,16.2,17.0
2025/5/29,20:00,16.2,16.1
2025/5/29,21:00,16.1,16.4
2025/5/29,22:00,16.0,16.7
2025/5/29,23:00,16.1,16.2
2025/5/29,24:00,16.0,15.9
2025/5/30,1:00,15.4,15.1
2025/5/30,2:00,14.7,14.5
2025/5/30,3:00,15.6,15.1
2025/5/30,4:00,13.7,13.7
2025/5/30,5:00,14.4,14.1
2025/5/30,6:00,14.4,14.2
2025/5/30,7:00,14.6,14.8
2025/5/30,8:00,14.4,14.8
2025/5/30,9:00,14.8,15.4
2025/5/30,10:00,14.6,15.7
2025/5/30,11:00,14.4,16.0
2025/5/30,12:00,13.6,14.5
2025/5/30,13:00,14.2,15.5
2025/5/30,14:00,14.8,16.2
2025/5/30,15:00,15.2,17.4
2025/5/30,16:00,15.1,16.3
2025/5/30,17:00,14.7,14.9
2025/5/30,18:00,14.2,14.7
2025/5/30,19:00,13.8,14.6
2025/5/30,20:00,13.8,14.6
2025/5/30,21:00,13.6,14.7
2025/5/30,22:00,13.5,14.6
2025/5/30,23:00,13.6,14.5
2025/5/30,24:00,13.5,14.1
2025/5/31,1:00,13.3,13.5
2025/5/31,2:00,13.2,12.9
2025/5/31,3:00,12.9,12.2
2025/5/31,4:00,13.0,13.0
2025/5/31,5:00,13.4,14.0
2025/5/31,6:00,13.9,15.6
2025/5/31,7:00,14.4,16.5
2025/5/31,8:00,14.7,16.7
2025/5/31,9:00,14.8,16.4
2025/5/31,10:00,15.5,17.3
2025/5/31,11:00,15.2,16.1
2025/5/31,12:00,16.0,18.0
2025/5/31,13:00,15.9,17.6
2025/5/31,14:00,16.1,19.2
2025/5/31,15:00,16.2,17.7
2025/5/31,16:00,18.3,26.1
2025/5/31,17:00,15.7,18.2
2025/5/31,18:00,14.9,16.6
2025/5/31,19:00,14.4,15.6
2025/5/31,20:00,14.2,15.5
2025/5/31,21:00,14.2,15.7
2025/5/31,22:00,14.2,15.7
2025/5/31,23:00,14.0,15.4
2025/5/31,24:00,13.8,15.4
2025/6/1,1:00,13.8,15.3
2025/6/1,2:00,13.6,14.7
2025/6/1,3:00,13.0,13.2
2025/6/1,4:00,13.3,14.3
2025/6/1,5:00,13.6,15.0
2025/6/1,6:00,14.5,16.7
2025/6/1,7:00,16.1,22.8
2025/6/1,8:00,16.0,23.0
2025/6/1,9:00,15.7,21.7
2025/6/1,10:00,15.6,19.5
2025/6/1,11:00,16.9,26.1
2025/6/1,12:00,18.8,33.8
2025/6/1,13:00,18.0,26.3
2025/6/1,14:00,19.9,36.3
2025/6/1,15:00,17.1,26.6
2025/6/1,16:00,13.3,15.1
2025/6/1,17:00,13.1,13.8
2025/6/1,18:00,13.4,13.9
2025/6/1,19:00,13.2,13.3
2025/6/1,20:00,13.4,13.0
2025/6/1,21:00,13.7,13.7
2025/6/1,22:00,14.2,14.6
2025/6/1,23:00,13.7,13.9
2025/6/1,24:00,13.6,13.9
2025/6/2,1:00,13.4,13.2
2025/6/2,2:00,13.9,14.1
2025/6/2,3:00,13.7,13.9
2025/6/2,4:00,13.4,12.5
2025/6/2,5:00,14.3,14.9
2025/6/2,6:00,15.1,17.7
2025/6/2,7:00,17.6,27.3
2025/6/2,8:00,19.3,32.2
2025/6/2,9:00,20.6,33.9
2025/6/2,10:00,22.0,37.6
2025/6/2,11:00,21.2,35.5
2025/6/2,12:00,20.3,29.6
2025/6/2,13:00,21.7,32.5
2025/6/2,14:00,21.8,33.4
2025/6/2,15:00,20.6,27.3
2025/6/2,16:00,20.5,26.2
2025/6/2,17:00,19.0,22.1
2025/6/2,18:00,19.1,20.9
2025/6/2,19:00,18.8,19.8
2025/6/2,20:00,18.7,19.4
2025/6/2,21:00,18.8,19.2
2025/6/2,22:00,18.8,19.1
2025/6/2,23:00,18.8,18.9
2025/6/2,24:00,18.9,19.2
2025/6/3,1:00,18.3,17.7
2025/6/3,2:00,18.2,18.1
2025/6/3,3:00,18.3,18.1
2025/6/3,4:00,17.9,17.4
2025/6/3,5:00,17.8,17.6
2025/6/3,6:00,18.1,19.1
2025/6/3,7:00,18.7,20.8
2025/6/3,8:00,19.8,22.8
2025/6/3,9:00,19.7,21.5
2025/6/3,10:00,19.8,21.4
2025/6/3,11:00,18.0,19.0
2025/6/3,12:00,17.7,18.6
2025/6/3,13:00,18.0,18.9
2025/6/3,14:00,18.2,19.3
2025/6/3,15:00,17.8,17.8
2025/6/3,16:00,17.6,17.8
2025/6/3,17:00,17.4,17.6
2025/6/3,18:00,17.5,17.3
2025/6/3,19:00,17.5,17.2
2025/6/3,20:00,17.5,17.2
2025/6/3,21:00,17.6,17.3
2025/6/3,22:00,17.8,17.5
2025/6/3,23:00,17.5,17.2
2025/6/3,24:00,17.4,16.8
2025/6/4,1:00,17.1,16.4
2025/6/4,2:00,17.1,16.6
2025/6/4,3:00,16.8,15.8
2025/6/4,4:00,16.6,15.9
2025/6/4,5:00,17.2,17.9
2025/6/4,6:00,19.7,27.3
2025/6/4,7:00,21.4,31.3
2025/6/4,8:00,22.9,37.1
2025/6/4,9:00,24.4,39.7
2025/6/4,10:00,25.7,41.0
2025/6/4,11:00,26.0,45.8
2025/6/4,12:00,24.0,36.1
2025/6/4,13:00,25.8,40.0
2025/6/4,14:00,25.2,40.0
2025/6/4,15:00,22.6,31.4
2025/6/4,16:00,22.1,29.3
2025/6/4,17:00,21.7,27.3
2025/6/4,18:00,20.5,21.8
2025/6/4,19:00,19.5,19.2
2025/6/4,20:00,19.3,19.1
2025/6/4,21:00,19.4,19.6
2025/6/4,22:00,19.4,19.1
2025/6/4,23:00,19.2,19.3
2025/6/4,24:00,19.2,19.0
2025/6/5,1:00,17.2,17.7
2025/6/5,2:00,17.1,17.9
2025/6/5,3:00,16.6,17.2
2025/6/5,4:00,16.6,16.4
2025/6/5,5:00,16.6,16.8
2025/6/5,6:00,17.2,18.8
2025/6/5,7:00,19.9,28.7
2025/6/5,8:00,21.8,36.7
2025/6/5,9:00,22.3,37.5
2025/6/5,10:00,22.0,37.8
2025/6/5,11:00,20.1,38.2
2025/6/5,12:00,20.5,41.1
2025/6/5,13:00,20.9,41.1
2025/6/5,14:00,21.2,40.2
2025/6/5,15:00,20.8,41.1
2025/6/5,16:00,23.4,38.8
2025/6/5,17:00,22.8,34.0
2025/6/5,18:00,20.7,25.8
2025/6/5,19:00,19.9,23.1
2025/6/5,20:00,19.4,21.2
2025/6/5,21:00,19.0,19.0
2025/6/5,22:00,18.4,17.8
2025/6/5,23:00,17.5,16.3
2025/6/5,24:00,17.0,15.6
2025/6/6,1:00,17.1,15.9
2025/6/6,2:00,16.6,15.5
2025/6/6,3:00,15.8,14.9
2025/6/6,4:00,15.0,14.2
2025/6/6,5:00,15.2,15.3
2025/6/6,6:00,17.0,22.6
2025/6/6,7:00,18.8,27.1
2025/6/6,8:00,22.1,33.8
2025/6/6,9:00,23.5,34.8
2025/6/6,10:00,24.0,37.8
2025/6/6,11:00,23.9,38.9
2025/6/6,12:00,21.9,37.3
2025/6/6,13:00,20.2,34.1
2025/6/6,14:00,20.8,34.2
2025/6/6,15:00,22.5,37.7
2025/6/6,16:00,22.3,35.3
2025/6/6,17:00,20.0,28.6
2025/6/6,18:00,19.5,25.5
2025/6/6,19:00,19.8,23.4
2025/6/6,20:00,20.3,22.1
2025/6/6,21:00,20.2,21.2
2025/6/6,22:00,19.9,20.3
2025/6/6,23:00,19.8,20.5
2025/6/6,24:00,19.7,20.0
2025/6/7,1:00,19.3,19.5
2025/6/7,2:00,19.2,19.1
2025/6/7,3:00,19.1,19.0
2025/6/7,4:00,18.9,18.4
2025/6/7,5:00,18.8,18.9
2025/6/7,6:00,19.2,19.8
2025/6/7,7:00,20.5,25.3
2025/6/7,8:00,23.9,36.9
2025/6/7,9:00,24.2,39.9
2025/6/7,10:00,24.0,39.3
2025/6/7,11:00,25.4,42.3
2025/6/7,12:00,25.3,40.9
2025/6/7,13:00,24.8,40.9
2025/6/7,14:00,22.9,36.7
2025/6/7,15:00,23.5,39.2
2025/6/7,16:00,23.9,38.4
2025/6/7,17:00,22.0,29.9
2025/6/7,18:00,20.9,26.2
2025/6/7,19:00,20.9,23.7
2025/6/7,20:00,20.7,22.7
2025/6/7,21:00,20.4,22.1
2025/6/7,22:00,19.7,20.6
2025/6/7,23:00,19.8,20.9
2025/6/7,24:00,19.6,20.3
2025/6/8,1:00,19.4,19.6
2025/6/8,2:00,18.9,18.8
2025/6/8,3:00,18.9,19.0
2025/6/8,4:00,18.3,18.2
2025/6/8,5:00,18.6,18.9
2025/6/8,6:00,19.9,23.0
2025/6/8,7:00,20.7,26.0
2025/6/8,8:00,22.2,29.7
2025/6/8,9:00,21.8,27.0
2025/6/8,10:00,21.8,27.4
2025/6/8,11:00,23.6,35.0
2025/6/8,12:00,22.9,32.7
2025/6/8,13:00,23.0,35.1
2025/6/8,14:00,23.0,36.8
2025/6/8,15:00,21.7,33.5
2025/6/8,16:00,21.6,29.0
2025/6/8,17:00,20.4,24.8
2025/6/8,18:00,20.0,23.3
2025/6/8,19:00,19.6,21.4
2025/6/8,20:00,19.7,20.4
2025/6/8,21:00,19.2,19.1
2025/6/8,22:00,19.4,20.3
2025/6/8,23:00,19.1,19.6
2025/6/8,24:00,18.7,18.4
2025/6/9,1:00,18.4,17.8
2025/6/9,2:00,17.8,17.1
2025/6/9,3:00,17.1,16.4
2025/6/9,4:00,16.9,15.9
2025/6/9,5:00,16.9,16.4
2025/6/9,6:00,19.1,25.6
2025/6/9,7:00,21.2,31.2
2025/6/9,8:00,24.0,37.3
2025/6/9,9:00,24.5,40.8
2025/6/9,10:00,24.8,40.0
2025/6/9,11:00,24.7,39.4
2025/6/9,12:00,25.0,39.7
2025/6/9,13:00,23.7,34.5
2025/6/9,14:00,23.8,34.8
2025/6/9,15:00,22.9,30.7
2025/6/9,16:00,21.5,26.0
2025/6/9,17:00,20.4,23.3
2025/6/9,18:00,19.9,21.3
2025/6/9,19:00,19.6,20.2
2025/6/9,20:00,19.4,20.6
2025/6/9,21:00,19.1,19.5
2025/6/9,22:00,18.8,18.7
2025/6/9,23:00,18.8,18.8
2025/6/9,24:00,18.8,18.8
2025/6/10,1:00,18.7,18.7
2025/6/10,2:00,18.5,18.5
2025/6/10,3:00,18.5,18.7
2025/6/10,4:00,18.6,18.7
2025/6/10,5:00,18.9,18.6
2025/6/10,6:00,19.0,19.8
2025/6/10,7:00,19.2,19.9
2025/6/10,8:00,19.3,20.1
2025/6/10,9:00,20.1,22.4
2025/6/10,10:00,19.8,21.8
2025/6/10,11:00,20.6,22.2
2025/6/10,12:00,20.8,23.1
2025/6/10,13:00,20.8,23.3
2025/6/10,14:00,20.9,22.6
2025/6/10,15:00,20.4,21.4
2025/6/10,16:00,20.7,21.6
2025/6/10,17:00,20.5,20.9
2025/6/10,18:00,20.5,20.4
2025/6/10,19:00,20.5,20.3
2025/6/10,20:00,20.5,20.2
2025/6/10,21:00,20.5,20.2
2025/6/10,22:00,20.3,20.2
2025/6/10,23:00,20.4,20.2
2025/6/10,24:00,20.3,19.9
2025/6/11,1:00,20.3,20.1
2025/6/11,2:00,20.0,19.8
2025/6/11,3:00,20.0,19.8
2025/6/11,4:00,20.0,19.8
2025/6/11,5:00,20.1,19.8
2025/6/11,6:00,20.0,20.0
2025/6/11,7:00,20.4,20.7
2025/6/11,8:00,20.9,21.3
2025/6/11,9:00,21.1,21.6
2025/6/11,10:00,21.1,22.5
2025/6/11,11:00,20.7,22.7
2025/6/11,12:00,20.7,21.7
2025/6/11,13:00,20.2,22.0
2025/6/11,14:00,19.6,20.3
2025/6/11,15:00,19.5,19.5
2025/6/11,16:00,19.6,20.8
2025/6/11,17:00,19.6,20.0
2025/6/11,18:00,19.6,19.7
2025/6/11,19:00,19.5,19.1
2025/6/11,20:00,19.4,19.0
2025/6/11,21:00,19.7,19.3
2025/6/11,22:00,19.7,19.2
2025/6/11,23:00,19.6,19.4
2025/6/11,24:00,19.3,19.1
2025/6/12,1:00,19.2,19.0
2025/6/12,2:00,19.0,18.8
2025/6/12,3:00,18.8,18.6
2025/6/12,4:00,18.5,18.2
2025/6/12,5:00,18.5,18.6
2025/6/12,6:00,20.0,24.1
2025/6/12,7:00,21.6,33.8
2025/6/12,8:00,20.6,28.4
2025/6/12,9:00,21.4,34.0
2025/6/12,10:00,23.0,39.4
2025/6/12,11:00,22.7,40.4
2025/6/12,12:00,24.1,37.2
2025/6/12,13:00,23.2,34.8
2025/6/12,14:00,22.7,34.1
2025/6/12,15:00,21.3,30.5
2025/6/12,16:00,22.1,29.8
2025/6/12,17:00,21.1,27.6
2025/6/12,18:00,19.7,23.5
2025/6/12,19:00,18.6,19.8
2025/6/12,20:00,18.0,18.2
2025/6/12,21:00,18.1,17.6
2025/6/12,22:00,18.2,17.5
2025/6/12,23:00,17.8,17.0
2025/6/12,24:00,17.5,16.5
2025/6/13,1:00,17.2,16.3
2025/6/13,2:00,16.8,15.9
2025/6/13,3:00,16.1,14.9
2025/6/13,4:00,15.8,15.2
2025/6/13,5:00,15.8,15.8
2025/6/13,6:00,16.5,17.8
2025/6/13,7:00,17.7,22.0
2025/6/13,8:00,19.9,30.6
2025/6/13,9:00,20.8,33.9
2025/6/13,10:00,22.8,37.8
2025/6/13,11:00,20.8,31.7
2025/6/13,12:00,22.4,37.9
2025/6/13,13:00,21.5,33.9
2025/6/13,14:00,21.7,34.6
2025/6/13,15:00,21.5,30.6
2025/6/13,16:00,21.3,30.5
2025/6/13,17:00,19.7,25.3
2025/6/13,18:00,18.5,21.9
2025/6/13,19:00,18.2,19.4
2025/6/13,20:00,18.4,18.9
2025/6/13,21:00,18.7,18.9
2025/6/13,22:00,18.8,18.7
2025/6/13,23:00,18.9,18.7
2025/6/13,24:00,19.0,19.2
2025/6/14,1:00,19.0,19.2
2025/6/14,2:00,19.0,19.5
2025/6/14,3:00,18.9,19.2
2025/6/14,4:00,18.8,18.9
2025/6/14,5:00,18.8,19.0
2025/6/14,6:00,19.4,20.5
2025/6/14,7:00,20.5,24.2
2025/6/14,8:00,21.1,26.9
2025/6/14,9:00,21.8,29.3
2025/6/14,10:00,22.3,31.7
2025/6/14,11:00,22.9,33.6
2025/6/14,12:00,23.2,32.2
2025/6/14,13:00,22.3,30.4
2025/6/14,14:00,21.9,27.0
2025/6/14,15:00,21.4,25.6
2025/6/14,16:00,21.8,24.2
2025/6/14,17:00,20.3,20.5
2025/6/14,18:00,20.0,19.8
2025/6/14,19:00,19.8,19.6
2025/6/14,20:00,20.0,19.7
2025/6/14,21:00,20.1,19.8
2025/6/14,22:00,20.4,20.2
2025/6/14,23:00,20.6,20.3
2025/6/14,24:00,21.1,20.8
2025/6/15,1:00,21.5,21.3
2025/6/15,2:00,21.8,21.4
2025/6/15,3:00,22.4,22.0
2025/6/15,4:00,23.0,22.8
2025/6/15,5:00,23.0,22.8
2025/6/15,6:00,22.9,22.7
2025/6/15,7:00,21.9,21.7
2025/6/15,8:00,22.0,22.0
2025/6/15,9:00,22.6,23.8
2025/6/15,10:00,23.9,25.9
2025/6/15,11:00,24.9,29.7
2025/6/15,12:00,26.1,32.8
2025/6/15,13:00,26.5,34.4
2025/6/15,14:00,26.8,34.2
2025/6/15,15:00,27.2,34.8
2025/6/15,16:00,28.9,41.6
2025/6/15,17:00,27.3,34.3
2025/6/15,18:00,26.4,29.4
2025/6/15,19:00,25.6,26.7
2025/6/15,20:00,25.1,25.0
2025/6/15,21:00,24.7,25.5
2025/6/15,22:00,22.9,22.5
2025/6/15,23:00,23.1,23.3
2025/6/15,24:00,23.3,23.0
2025/6/16,1:00,22.8,22.6
2025/6/16,2:00,22.4,22.2
2025/6/16,3:00,22.2,22.2
2025/6/16,4:00,22.5,22.2
2025/6/16,5:00,21.9,22.3
2025/6/16,6:00,23.0,25.8
2025/6/16,7:00,25.6,36.6
2025/6/16,8:00,24.2,31.7
2025/6/16,9:00,27.3,43.4
2025/6/16,10:00,28.3,45.9
2025/6/16,11:00,28.3,43.2
2025/6/16,12:00,27.3,40.4
2025/6/16,13:00,25.4,36.6
2025/6/16,14:00,25.7,37.2
2025/6/16,15:00,26.2,39.7
2025/6/16,16:00,27.1,41.7
2025/6/16,17:00,25.7,36.4
2025/6/16,18:00,23.8,27.7
2025/6/16,19:00,22.6,23.1
2025/6/16,20:00,22.4,22.0
2025/6/16,21:00,22.2,21.7
2025/6/16,22:00,22.1,21.5
2025/6/16,23:00,22.0,21.4
2025/6/16,24:00,22.2,21.6
2025/6/17,1:00,22.2,21.7
2025/6/17,2:00,22.4,22.1
2025/6/17,3:00,22.1,21.4
2025/6/17,4:00,21.9,21.3
2025/6/17,5:00,22.1,22.1
2025/6/17,6:00,24.8,32.8
2025/6/17,7:00,27.2,39.4
2025/6/17,8:00,28.2,42.9
2025/6/17,9:00,29.6,45.9
2025/6/17,10:00,30.2,45.8
2025/6/17,11:00,29.1,44.0
2025/6/17,12:00,29.7,44.7
2025/6/17,13:00,29.3,45.7
2025/6/17,14:00,29.0,43.7
2025/6/17,15:00,28.8,42.6
2025/6/17,16:00,27.7,40.0
2025/6/17,17:00,26.6,37.3
2025/6/17,18:00,24.7,29.0
2025/6/17,19:00,23.9,25.2
2025/6/17,20:00,23.6,23.9
2025/6/17,21:00,23.3,23.0
2025/6/17,22:00,23.4,23.3
2025/6/17,23:00,23.0,22.5
2025/6/17,24:00,22.7,22.2
2025/6/18,1:00,22.4,22.0
2025/6/18,2:00,22.0,21.5
2025/6/18,3:00,21.9,21.3
2025/6/18,4:00,21.5,20.8
2025/6/18,5:00,21.6,21.8
2025/6/18,6:00,23.1,27.0
2025/6/18,7:00,24.8,31.6
2025/6/18,8:00,28.2,42.4
2025/6/18,9:00,27.9,44.8
2025/6/18,10:00,28.0,49.7
2025/6/18,11:00,28.3,46.6
2025/6/18,12:00,27.6,45.0
2025/6/18,13:00,28.5,46.2
2025/6/18,14:00,29.0,46.5
2025/6/18,15:00,28.7,45.7
2025/6/18,16:00,26.8,41.5
2025/6/18,17:00,26.1,39.4
2025/6/18,18:00,24.2,29.5
2025/6/18,19:00,22.9,24.7
2025/6/18,20:00,22.9,24.3
2025/6/18,21:00,23.2,23.2
2025/6/18,22:00,23.0,23.4
2025/6/18,23:00,22.6,22.7
2025/6/18,24:00,22.1,21.6
2025/6/19,1:00,21.8,21.1
2025/6/19,2:00,21.5,21.2
2025/6/19,3:00,21.1,20.4
2025/6/19,4:00,21.0,20.5
2025/6/19,5:00,21.1,21.3
2025/6/19,6:00,24.0,29.6
2025/6/19,7:00,25.3,34.7
2025/6/19,8:00,25.0,31.6
2025/6/19,9:00,28.2,43.3
2025/6/19,10:00,29.9,45.9
2025/6/19,11:00,27.9,43.6
2025/6/19,12:00,28.1,42.8
2025/6/19,13:00,27.0,40.3
2025/6/19,14:00,27.2,40.3
2025/6/19,15:00,26.5,39.3
2025/6/19,16:00,26.1,38.3
2025/6/19,17:00,25.1,33.6
2025/6/19,18:00,23.4,26.2
2025/6/19,19:00,22.8,23.5
2025/6/19,20:00,22.7,22.8
2025/6/19,21:00,22.9,23.5
2025/6/19,22:00,22.8,22.7
2025/6/19,23:00,22.9,22.7
2025/6/19,24:00,22.9,23.1
2025/6/20,1:00,22.7,21.9
2025/6/20,2:00,22.6,21.4
2025/6/20,3:00,22.1,21.4
2025/6/20,4:00,22.1,21.7
2025/6/20,5:00,22.4,22.1
2025/6/20,6:00,23.6,26.0
2025/6/20,7:00,25.7,36.6
2025/6/20,8:00,23.5,27.2
2025/6/20,9:00,24.8,33.2
2025/6/20,10:00,26.5,41.0
2025/6/20,11:00,27.5,42.6
2025/6/20,12:00,27.0,43.1
2025/6/20,13:00,27.1,42.6
2025/6/20,14:00,27.2,43.4
2025/6/20,15:00,26.1,40.7
2025/6/20,16:00,25.8,39.7
2025/6/20,17:00,24.4,32.8
2025/6/20,18:00,22.8,25.3
2025/6/20,19:00,22.4,22.9
2025/6/20,20:00,22.3,23.0
2025/6/20,21:00,22.6,23.4
2025/6/20,22:00,22.4,23.6
2025/6/20,23:00,22.3,23.4
2025/6/20,24:00,22.2,23.3
2025/6/21,1:00,22.5,23.3
2025/6/21,2:00,22.3,22.6
2025/6/21,3:00,22.3,22.6
2025/6/21,4:00,22.0,22.1
2025/6/21,5:00,22.2,22.7
2025/6/21,6:00,23.8,29.8
2025/6/21,7:00,25.4,35.1
2025/6/21,8:00,24.3,30.3
2025/6/21,9:00,24.8,33.4
2025/6/21,10:00,26.0,36.7
2025/6/21,11:00,26.5,37.9
2025/6/21,12:00,27.0,36.9
2025/6/21,13:00,26.9,35.3
2025/6/21,14:00,27.6,38.1
2025/6/21,15:00,26.7,34.5
2025/6/21,16:00,26.8,35.6
2025/6/21,17:00,27.0,36.8
2025/6/21,18:00,25.2,29.7
2025/6/21,19:00,24.5,25.9
2025/6/21,20:00,24.0,25.1
2025/6/21,21:00,23.4,24.2
2025/6/21,22:00,23.1,23.4
2025/6/21,23:00,22.8,23.2
2025/6/21,24:00,22.6,22.7
2025/6/22,1:00,22.7,22.7
2025/6/22,2:00,22.4,22.6
2025/6/22,3:00,22.4,22.2
2025/6/22,4:00,22.2,21.9
2025/6/22,5:00,22.1,23.1
2025/6/22,6:00,23.7,29.8
2025/6/22,7:00,24.9,33.7
2025/6/22,8:00,25.7,36.3
2025/6/22,9:00,27.2,39.5
2025/6/22,10:00,27.9,42.1
2025/6/22,11:00,28.3,42.2
2025/6/22,12:00,28.4,42.2
2025/6/22,13:00,28.4,41.8
2025/6/22,14:00,28.7,42.4
2025/6/22,15:00,27.9,40.2
2025/6/22,16:00,27.9,39.4
2025/6/22,17:00,27.2,35.7
2025/6/22,18:00,25.7,30.4
2025/6/22,19:00,24.8,27.3
2025/6/22,20:00,24.5,26.3
2025/6/22,21:00,24.1,25.6
2025/6/22,22:00,24.2,25.3
2025/6/22,23:00,23.9,24.8
2025/6/22,24:00,23.8,24.6
2025/6/23,1:00,23.7,24.3
2025/6/23,2:00,23.7,24.4
2025/6/23,3:00,23.5,23.8
2025/6/23,4:00,23.6,24.0
2025/6/23,5:00,23.7,24.8
2025/6/23,6:00,24.7,27.4
2025/6/23,7:00,25.5,29.9
2025/6/23,8:00,26.3,33.0
2025/6/23,9:00,26.9,34.9
2025/6/23,10:00,28.5,40.0
2025/6/23,11:00,27.5,36.0
2025/6/23,12:00,27.3,34.9
2025/6/23,13:00,28.1,37.6
2025/6/23,14:00,28.6,40.4
2025/6/23,15:00,27.5,35.3
2025/6/23,16:00,25.1,28.9
2025/6/23,17:00,24.3,27.2
2025/6/23,18:00,22.9,25.1
2025/6/23,19:00,23.0,24.4
2025/6/23,20:00,22.5,24.2
2025/6/23,21:00,22.6,23.3
2025/6/23,22:00,22.3,22.5
2025/6/23,23:00,22.4,22.8
2025/6/23,24:00,22.5,23.0
2025/6/24,1:00,22.6,23.2
2025/6/24,2:00,23.4,23.9
2025/6/24,3:00,24.2,24.7
2025/6/24,4:00,24.2,24.9
2025/6/24,5:00,24.0,25.3
2025/6/24,6:00,24.3,26.0
2025/6/24,7:00,24.7,26.4
2025/6/24,8:00,25.2,28.7
2025/6/24,9:00,25.7,29.1
2025/6/24,10:00,26.5,31.8
2025/6/24,11:00,26.7,33.0
2025/6/24,12:00,27.3,34.7
2025/6/24,13:00,26.2,32.4
2025/6/24,14:00,27.0,34.0
2025/6/24,15:00,26.7,32.7
2025/6/24,16:00,26.0,30.7
2025/6/24,17:00,25.7,29.8
2025/6/24,18:00,24.5,25.8
2025/6/24,19:00,23.9,24.3
2025/6/24,20:00,23.5,23.7
2025/6/24,21:00,23.3,23.0
2025/6/24,22:00,23.1,23.0
2025/6/24,23:00,23.5,23.4
2025/6/24,24:00,23.4,23.4
2025/6/25,1:00,23.4,23.0
2025/6/25,2:00,23.5,23.1
2025/6/25,3:00,23.7,23.4
2025/6/25,4:00,23.8,23.5
2025/6/25,5:00,23.7,23.8
2025/6/25,6:00,24.4,25.5
2025/6/25,7:00,25.2,27.3
2025/6/25,8:00,27.2,34.9
2025/6/25,9:00,27.9,36.4
2025/6/25,10:00,26.7,32.8
2025/6/25,11:00,25.6,27.6
2025/6/25,12:00,25.5,27.4
2025/6/25,13:00,25.2,27.0
2025/6/25,14:00,25.3,27.4
2025/6/25,15:00,25.8,28.8
2025/6/25,16:00,25.3,26.6
2025/6/25,17:00,25.6,29.3
2025/6/25,18:00,24.9,26.3
2025/6/25,19:00,24.3,24.0
2025/6/25,20:00,23.7,23.7
2025/6/25,21:00,24.0,23.7
2025/6/25,22:00,23.6,23.4
2025/6/25,23:00,24.1,23.8
2025/6/25,24:00,23.8,23.6
2025/6/26,1:00,23.7,23.4
2025/6/26,2:00,23.7,23.4
2025/6/26,3:00,23.9,23.6
2025/6/26,4:00,24.2,23.9
2025/6/26,5:00,24.1,23.8
2025/6/26,6:00,24.3,24.3
2025/6/26,7:00,24.6,24.8
2025/6/26,8:00,25.0,25.8
2025/6/26,9:00,25.3,26.8
2025/6/26,10:00,26.2,28.7
2025/6/26,11:00,27.6,32.4
2025/6/26,12:00,28.3,38.3
2025/6/26,13:00,29.9,41.1
2025/6/26,14:00,29.8,39.6
2025/6/26,15:00,29.3,36.9
2025/6/26,16:00,27.8,32.5
2025/6/26,17:00,26.6,30.3
2025/6/26,18:00,26.2,28.9
2025/6/26,19:00,25.7,27.2
2025/6/26,20:00,25.0,25.3
2025/6/26,21:00,24.2,24.9
2025/6/26,22:00,23.7,23.7
2025/6/26,23:00,23.3,23.3
2025/6/26,24:00,22.9,22.7
2025/6/27,1:00,22.5,22.2
2025/6/27,2:00,22.4,22.2
2025/6/27,3:00,22.0,21.8
2025/6/27,4:00,22.0,21.7
2025/6/27,5:00,22.2,22.2
2025/6/27,6:00,22.9,24.5
2025/6/27,7:00,24.8,32.3
2025/6/27,8:00,25.2,32.9
2025/6/27,9:00,27.5,42.9
2025/6/27,10:00,28.9,46.2
2025/6/27,11:00,27.8,41.7
2025/6/27,12:00,28.8,46.2
2025/6/27,13:00,28.3,44.5
2025/6/27,14:00,28.1,43.2
2025/6/27,15:00,27.5,42.6
2025/6/27,16:00,24.9,31.8
2025/6/27,17:00,24.5,30.2
2025/6/27,18:00,23.8,28.2
2025/6/27,19:00,22.8,24.8
2025/6/27,20:00,22.8,23.7
2025/6/27,21:00,22.6,22.2
2025/6/27,22:00,22.1,21.8
2025/6/27,23:00,21.7,21.1
2025/6/27,24:00,21.1,21.0
2025/6/28,1:00,20.7,20.8
2025/6/28,2:00,20.5,20.0
2025/6/28,3:00,20.0,19.2
2025/6/28,4:00,20.0,20.0
2025/6/28,5:00,19.9,20.1
2025/6/28,6:00,20.9,25.1
2025/6/28,7:00,24.1,35.0
2025/6/28,8:00,24.3,34.6
2025/6/28,9:00,25.5,40.7
2025/6/28,10:00,25.9,41.8
2025/6/28,11:00,25.3,38.8
2025/6/28,12:00,27.2,45.6
2025/6/28,13:00,27.2,45.3
2025/6/28,14:00,26.6,43.3
2025/6/28,15:00,25.5,40.1
2025/6/28,16:00,24.7,38.0
2025/6/28,17:00,23.0,29.8
2025/6/28,18:00,22.4,26.5
2025/6/28,19:00,22.7,23.7
2025/6/28,20:00,22.5,23.0
2025/6/28,21:00,22.5,23.4
2025/6/28,22:00,21.8,21.8
2025/6/28,23:00,22.2,21.5
2025/6/28,24:00,21.7,21.1
2025/6/29,1:00,21.2,20.5
2025/6/29,2:00,20.6,20.0
2025/6/29,3:00,20.2,19.5
2025/6/29,4:00,19.9,19.1
2025/6/29,5:00,19.9,19.6
2025/6/29,6:00,22.4,29.5
2025/6/29,7:00,24.7,36.2
2025/6/29,8:00,26.3,41.7
2025/6/29,9:00,26.1,41.3
2025/6/29,10:00,27.5,43.2
2025/6/29,11:00,28.3,43.2
2025/6/29,12:00,28.1,42.8
2025/6/29,13:00,28.3,44.3
2025/6/29,14:00,28.8,45.6
2025/6/29,15:00,28.0,40.6
2025/6/29,16:00,28.3,42.6
2025/6/29,17:00,27.9,39.6
2025/6/29,18:00,26.2,30.9
2025/6/29,19:00,24.6,26.7
2025/6/29,20:00,23.9,26.3
2025/6/29,21:00,23.0,25.6
2025/6/29,22:00,22.6,25.2
2025/6/29,23:00,22.5,24.6
2025/6/29,24:00,22.1,23.5
2025/6/30,1:00,22.5,22.1
2025/6/30,2:00,22.4,21.6
2025/6/30,3:00,21.9,21.7
2025/6/30,4:00,21.7,21.0
2025/6/30,5:00,21.5,21.0
2025/6/30,6:00,22.8,25.9
2025/6/30,7:00,25.2,33.0
2025/6/30,8:00,26.1,35.9
2025/6/30,9:00,29.0,43.2
2025/6/30,10:00,30.1,46.2
2025/6/30,11:00,29.7,45.0
2025/6/30,12:00,28.6,44.9
2025/6/30,13:00,29.6,46.7
2025/6/30,14:00,28.5,44.8
2025/6/30,15:00,28.3,41.9
2025/6/30,16:00,28.0,43.0
2025/6/30,17:00,27.7,39.5
2025/6/30,18:00,27.3,33.6
2025/6/30,19:00,26.3,30.2
2025/6/30,20:00,25.6,28.5
2025/6/30,21:00,25.0,27.4
2025/6/30,22:00,24.4,26.2
2025/6/30,23:00,24.5,25.5
2025/6/30,24:00,24.4,25.0
2025/7/1,1:00,24.3,24.9
2025/7/1,2:00,24.3,24.7
2025/7/1,3:00,24.1,24.3
2025/7/1,4:00,23.9,23.8
2025/7/1,5:00,24.0,24.4
2025/7/1,6:00,24.7,26.5
2025/7/1,7:00,26.2,30.9
2025/7/1,8:00,27.0,34.1
2025/7/1,9:00,28.6,41.3
2025/7/1,10:00,30.2,44.2
2025/7/1,11:00,30.2,44.3
2025/7/1,12:00,31.0,43.6
2025/7/1,13:00,30.9,43.8
2025/7/1,14:00,30.9,46.0
2025/7/1,15:00,28.8,37.6
2025/7/1,16:00,23.5,24.1
2025/7/1,17:00,23.5,24.6
2025/7/1,18:00,23.8,26.0
2025/7/1,19:00,23.4,24.1
2025/7/1,20:00,23.6,24.4
2025/7/1,21:00,23.4,23.9
2025/7/1,22:00,23.2,23.4
2025/7/1,23:00,23.4,23.6
2025/7/1,24:00,23.4,23.4
2025/7/2,1:00,23.3,23.5
2025/7/2,2:00,23.6,24.0
2025/7/2,3:00,24.0,24.2
2025/7/2,4:00,24.0,24.3
2025/7/2,5:00,23.8,24.2
2025/7/2,6:00,24.2,25.3
2025/7/2,7:00,24.8,27.9
2025/7/2,8:00,28.4,42.3
2025/7/2,9:00,29.7,43.3
2025/7/2,10:00,30.0,44.4
2025/7/2,11:00,31.1,49.6
2025/7/2,12:00,31.2,46.7
2025/7/2,13:00,30.8,46.7
2025/7/2,14:00,30.7,46.8
2025/7/2,15:00,30.5,42.5
2025/7/2,16:00,27.2,31.4
2025/7/2,17:00,25.0,25.5
2025/7/2,18:00,24.6,25.2
2025/7/2,19:00,24.5,24.5
2025/7/2,20:00,24.0,23.8
2025/7/2,21:00,24.0,24.0
2025/7/2,22:00,24.2,23.8
2025/7/2,23:00,24.0,24.3
2025/7/2,24:00,23.9,23.5
2025/7/3,1:00,23.8,23.2
2025/7/3,2:00,23.9,23.7
2025/7/3,3:00,23.9,24.1
2025/7/3,4:00,23.8,23.9
2025/7/3,5:00,23.8,24.3
2025/7/3,6:00,25.4,30.3
2025/7/3,7:00,25.9,29.0
2025/7/3,8:00,27.2,33.8
2025/7/3,9:00,28.8,40.9
2025/7/3,10:00,29.6,44.0
2025/7/3,11:00,28.8,36.7
2025/7/3,12:00,30.9,46.5
2025/7/3,13:00,29.6,43.7
2025/7/3,14:00,29.4,43.1
2025/7/3,15:00,29.2,42.2
2025/7/3,16:00,28.9,42.3
2025/7/3,17:00,26.1,30.3
2025/7/3,18:00,24.9,28.1
2025/7/3,19:00,23.8,26.8
2025/7/3,20:00,23.3,26.3
2025/7/3,21:00,23.5,24.9
2025/7/3,22:00,23.6,24.5
2025/7/3,23:00,23.7,24.1
2025/7/3,24:00,23.6,23.8
2025/7/4,1:00,23.4,23.3
2025/7/4,2:00,23.4,23.1
2025/7/4,3:00,23.2,23.0
2025/7/4,4:00,23.2,22.9
2025/7/4,5:00,23.5,24.3
2025/7/4,6:00,24.4,27.9
2025/7/4,7:00,26.2,32.5
2025/7/4,8:00,26.6,34.1
2025/7/4,9:00,26.6,33.4
2025/7/4,10:00,28.9,41.9
2025/7/4,11:00,29.1,43.2
2025/7/4,12:00,29.5,45.0
2025/7/4,13:00,30.4,48.5
2025/7/4,14:00,28.7,43.9
2025/7/4,15:00,28.5,42.0
2025/7/4,16:00,27.4,38.1
2025/7/4,17:00,26.0,30.3
2025/7/4,18:00,25.9,29.9
2025/7/4,19:00,25.1,28.0
2025/7/4,20:00,24.9,27.0
2025/7/4,21:00,24.9,26.6
2025/7/4,22:00,24.9,25.8
2025/7/4,23:00,24.8,25.8
2025/7/4,24:00,24.7,25.9
2025/7/5,1:00,24.3,24.8
2025/7/5,2:00,24.1,24.5
2025/7/5,3:00,23.9,24.2
2025/7/5,4:00,23.6,23.3
2025/7/5,5:00,23.4,23.4
2025/7/5,6:00,24.4,27.4
2025/7/5,7:00,25.4,29.7
2025/7/5,8:00,27.9,39.5
2025/7/5,9:00,28.0,38.0
2025/7/5,10:00,27.1,33.2
2025/7/5,11:00,28.3,38.6
2025/7/5,12:00,30.6,46.3
2025/7/5,13:00,30.6,45.5
2025/7/5,14:00,29.5,40.9
2025/7/5,15:00,29.9,42.9
2025/7/5,16:00,27.8,34.9
2025/7/5,17:00,27.3,32.8
2025/7/5,18:00,26.2,29.4
2025/7/5,19:00,25.7,27.1
2025/7/5,20:00,25.2,26.2
2025/7/5,21:00,25.2,26.1
2025/7/5,22:00,25.1,25.6
2025/7/5,23:00,24.8,25.8
2025/7/5,24:00,24.7,25.2
2025/7/6,1:00,24.5,25.0
2025/7/6,2:00,24.1,24.3
2025/7/6,3:00,23.8,24.1
2025/7/6,4:00,23.7,24.3
2025/7/6,5:00,23.8,24.4
2025/7/6,6:00,24.2,26.0
2025/7/6,7:00,26.7,34.8
2025/7/6,8:00,29.1,44.0
2025/7/6,9:00,30.0,45.7
2025/7/6,10:00,30.5,48.1
2025/7/6,11:00,31.6,48.1
2025/7/6,12:00,31.0,46.6
2025/7/6,13:00,31.5,47.9
2025/7/6,14:00,29.3,40.5
2025/7/6,15:00,30.1,43.2
2025/7/6,16:00,29.0,40.9
2025/7/6,17:00,29.1,39.0
2025/7/6,18:00,27.2,30.9
2025/7/6,19:00,26.1,27.0
2025/7/6,20:00,25.9,25.7
2025/7/6,21:00,25.6,25.1
2025/7/6,22:00,25.1,24.7
2025/7/6,23:00,25.1,24.8
2025/7/6,24:00,25.4,25.9
2025/7/7,1:00,25.1,24.6
2025/7/7,2:00,25.0,24.3
2025/7/7,3:00,24.7,24.1
2025/7/7,4:00,24.7,24.2
2025/7/7,5:00,24.7,24.5
2025/7/7,6:00,25.2,26.7
2025/7/7,7:00,26.7,31.6
2025/7/7,8:00,29.3,41.4
2025/7/7,9:00,30.8,44.6
2025/7/7,10:00,30.2,41.6
2025/7/7,11:00,31.5,48.4
2025/7/7,12:00,33.1,50.2
2025/7/7,13:00,33.1,49.5
2025/7/7,14:00,31.6,47.9
2025/7/7,15:00,29.5,45.2
2025/7/7,16:00,28.1,36.3
2025/7/7,17:00,27.5,32.5
2025/7/7,18:00,27.5,31.0
2025/7/7,19:00,26.5,29.5
2025/7/7,20:00,26.2,28.4
2025/7/7,21:00,26.0,27.9
2025/7/7,22:00,26.1,27.6
2025/7/7,23:00,26.3,27.3
2025/7/7,24:00,26.0,26.8
2025/7/8,1:00,25.8,26.2
2025/7/8,2:00,25.8,26.1
2025/7/8,3:00,25.7,26.0
2025/7/8,4:00,25.5,25.5
2025/7/8,5:00,25.5,25.8
2025/7/8,6:00,26.7,30.7
2025/7/8,7:00,28.3,36.3
2025/7/8,8:00,28.9,37.3
2025/7/8,9:00,29.2,41.5
2025/7/8,10:00,30.6,47.3
2025/7/8,11:00,31.8,48.1
2025/7/8,12:00,31.8,48.5
2025/7/8,13:00,31.3,45.8
2025/7/8,14:00,31.0,45.0
2025/7/8,15:00,30.6,43.8
2025/7/8,16:00,30.2,43.0
2025/7/8,17:00,29.0,38.5
2025/7/8,18:00,27.4,31.3
2025/7/8,19:00,26.6,27.8
2025/7/8,20:00,25.3,26.2
2025/7/8,21:00,25.6,26.3
2025/7/8,22:00,26.2,27.1
2025/7/8,23:00,26.0,26.5
2025/7/8,24:00,26.0,26.4
2025/7/9,1:00,25.8,26.0
2025/7/9,2:00,25.6,25.7
2025/7/9,3:00,25.3,25.5
2025/7/9,4:00,25.5,25.6
2025/7/9,5:00,25.6,26.2
2025/7/9,6:00,26.2,28.6
2025/7/9,7:00,27.8,34.5
2025/7/9,8:00,28.0,34.3
2025/7/9,9:00,28.7,38.5
2025/7/9,10:00,30.0,42.4
2025/7/9,11:00,29.9,39.9
2025/7/9,12:00,31.4,46.2
2025/7/9,13:00,30.6,43.8
2025/7/9,14:00,30.4,44.0
2025/7/9,15:00,30.9,44.4
2025/7/9,16:00,30.5,41.6
2025/7/9,17:00,29.1,37.2
2025/7/9,18:00,27.5,31.6
2025/7/9,19:00,26.1,28.6
2025/7/9,20:00,25.5,27.5
2025/7/9,21:00,25.6,26.7
2025/7/9,22:00,25.6,26.2
2025/7/9,23:00,25.7,25.7
2025/7/9,24:00,25.5,26.8
2025/7/10,1:00,25.1,25.1
2025/7/10,2:00,24.9,24.8
2025/7/10,3:00,24.8,24.5
2025/7/10,4:00,24.7,24.3
2025/7/10,5:00,24.5,24.2
2025/7/10,6:00,26.2,31.3
2025/7/10,7:00,27.3,34.2
2025/7/10,8:00,28.8,40.2
2025/7/10,9:00,28.1,35.9
2025/7/10,10:00,27.0,38.1
2025/7/10,11:00,26.5,36.8
2025/7/10,12:00,26.2,37.3
2025/7/10,13:00,24.9,32.6
2025/7/10,14:00,26.5,38.3
2025/7/10,15:00,24.0,28.7
2025/7/10,16:00,22.3,24.7
2025/7/10,17:00,21.6,22.5
2025/7/10,18:00,21.2,20.9
2025/7/10,19:00,20.9,20.6
2025/7/10,20:00,20.8,20.7
2025/7/10,21:00,21.1,20.8
2025/7/10,22:00,20.7,20.7
2025/7/10,23:00,21.0,21.3
2025/7/10,24:00,20.9,21.4
2025/7/11,1:00,20.9,21.3
2025/7/11,2:00,21.0,21.9
2025/7/11,3:00,20.9,22.0
2025/7/11,4:00,20.7,21.9
2025/7/11,5:00,20.7,22.0
2025/7/11,6:00,21.2,23.7
2025/7/11,7:00,22.2,26.9
2025/7/11,8:00,22.6,29.1
2025/7/11,9:00,21.3,24.8
2025/7/11,10:00,21.4,25.8
2025/7/11,11:00,21.8,27.1
2025/7/11,12:00,21.5,25.6
2025/7/11,13:00,20.9,24.3
2025/7/11,14:00,21.0,25.3
2025/7/11,15:00,22.2,29.7
2025/7/11,16:00,21.2,26.1
2025/7/11,17:00,20.4,24.0
2025/7/11,18:00,19.6,22.2
2025/7/11,19:00,19.2,21.0
2025/7/11,20:00,19.2,20.7
2025/7/11,21:00,19.2,20.5
2025/7/11,22:00,19.1,20.4
2025/7/11,23:00,19.0,19.9
2025/7/11,24:00,18.6,18.6
2025/7/12,1:00,18.2,18.3
2025/7/12,2:00,17.8,17.5
2025/7/12,3:00,18.1,18.9
2025/7/12,4:00,18.3,18.8
2025/7/12,5:00,18.6,19.8
2025/7/12,6:00,19.4,22.2
2025/7/12,7:00,20.2,24.5
2025/7/12,8:00,20.8,26.9
2025/7/12,9:00,21.1,26.4
2025/7/12,10:00,20.9,26.4
2025/7/12,11:00,22.5,33.2
2025/7/12,12:00,22.6,34.3
2025/7/12,13:00,23.8,37.7
2025/7/12,14:00,23.8,37.7
2025/7/12,15:00,22.0,32.0
2025/7/12,16:00,21.9,30.4
2025/7/12,17:00,19.9,24.9
2025/7/12,18:00,19.4,23.0
2025/7/12,19:00,19.1,21.2
2025/7/12,20:00,19.5,21.0
2025/7/12,21:00,19.9,21.0
2025/7/12,22:00,19.6,20.8
2025/7/12,23:00,19.7,20.7
2025/7/12,24:00,19.6,20.7
2025/7/13,1:00,19.7,20.8
2025/7/13,2:00,19.7,20.6
2025/7/13,3:00,19.9,20.8
2025/7/13,4:00,19.8,20.6
2025/7/13,5:00,19.9,20.8
2025/7/13,6:00,20.5,22.9
2025/7/13,7:00,21.3,25.2
2025/7/13,8:00,22.2,29.7
2025/7/13,9:00,26.1,44.1
2025/7/13,10:00,25.6,38.6
2025/7/13,11:00,25.0,33.1
2025/7/13,12:00,26.7,38.5
2025/7/13,13:00,27.6,39.9
2025/7/13,14:00,28.4,43.6
2025/7/13,15:00,27.9,41.7
2025/7/13,16:00,27.3,39.3
2025/7/13,17:00,27.1,37.0
2025/7/13,18:00,25.1,28.3
2025/7/13,19:00,24.3,25.1
2025/7/13,20:00,24.6,25.5
2025/7/13,21:00,24.5,25.3
2025/7/13,22:00,23.9,24.1
2025/7/13,23:00,23.7,23.6
2025/7/13,24:00,23.8,23.5
2025/7/14,1:00,24.2,23.8
2025/7/14,2:00,24.0,23.6
2025/7/14,3:00,24.0,23.5
2025/7/14,4:00,24.0,23.7
2025/7/14,5:00,23.9,23.6
2025/7/14,6:00,24.1,24.5
2025/7/14,7:00,24.5,25.5
2025/7/14,8:00,26.5,32.8
2025/7/14,9:00,26.5,31.5
2025/7/14,10:00,25.5,26.6
2025/7/14,11:00,26.0,28.6
2025/7/14,12:00,26.9,33.3
2025/7/14,13:00,26.4,28.6
2025/7/14,14:00,27.5,34.7
2025/7/14,15:00,26.3,29.5
2025/7/14,16:00,26.4,28.3
2025/7/14,17:00,26.6,29.0
2025/7/14,18:00,25.5,27.3
2025/7/14,19:00,25.2,25.8
2025/7/14,20:00,25.0,26.2
2025/7/14,21:00,24.7,25.6
2025/7/14,22:00,24.9,25.6
2025/7/14,23:00,25.1,25.5
2025/7/14,24:00,25.4,26.2
2025/7/15,1:00,25.5,26.2
2025/7/15,2:00,25.3,25.4
2025/7/15,3:00,25.3,25.6
2025/7/15,4:00,25.4,25.0
2025/7/15,5:00,25.6,25.5
2025/7/15,6:00,25.7,25.5
2025/7/15,7:00,26.0,26.6
2025/7/15,8:00,26.4,29.5
2025/7/15,9:00,26.7,30.5
2025/7/15,10:00,26.6,30.5
2025/7/15,11:00,25.5,26.0
2025/7/15,12:00,25.4,25.5
2025/7/15,13:00,25.2,25.7
2025/7/15,14:00,26.0,26.9
2025/7/15,15:00,25.9,26.0
2025/7/15,16:00,25.7,25.8
2025/7/15,17:00,25.7,26.3
2025/7/15,18:00,25.1,25.0
2025/7/15,19:00,24.8,24.6
2025/7/15,20:00,24.7,24.2
2025/7/15,21:00,24.6,24.4
2025/7/15,22:00,24.8,24.4
2025/7/15,23:00,25.2,24.9
2025/7/15,24:00,25.1,24.9
2025/7/16,1:00,25.1,24.9
2025/7/16,2:00,25.2,25.0
2025/7/16,3:00,25.1,25.0
2025/7/16,4:00,25.1,24.9
2025/7/16,5:00,24.9,25.1
2025/7/16,6:00,25.2,26.4
2025/7/16,7:00,26.5,30.2
2025/7/16,8:00,28.8,39.6
2025/7/16,9:00,26.8,32.6
2025/7/16,10:00,27.8,34.7
2025/7/16,11:00,26.2,28.1
2025/7/16,12:00,27.6,33.6
2025/7/16,13:00,25.1,25.4
2025/7/16,14:00,25.8,26.9
2025/7/16,15:00,26.6,29.9
2025/7/16,16:00,26.5,29.5
2025/7/16,17:00,26.1,28.4
2025/7/16,18:00,26.3,27.8
2025/7/16,19:00,25.9,26.2
2025/7/16,20:00,25.6,25.6
2025/7/16,21:00,25.0,25.3
2025/7/16,22:00,24.2,24.7
2025/7/16,23:00,24.1,24.6
2025/7/16,24:00,24.2,24.5
2025/7/17,1:00,24.6,24.3
2025/7/17,2:00,24.8,24.6
2025/7/17,3:00,25.1,24.8
2025/7/17,4:00,24.9,24.7
2025/7/17,5:00,25.0,25.1
2025/7/17,6:00,25.5,26.5
2025/7/17,7:00,25.8,28.0
2025/7/17,8:00,27.1,33.2
2025/7/17,9:00,27.8,36.7
2025/7/17,10:00,28.4,40.8
2025/7/17,11:00,28.0,38.2
2025/7/17,12:00,28.6,41.3
2025/7/17,13:00,27.6,37.1
2025/7/17,14:00,27.5,37.9
2025/7/17,15:00,26.3,34.6
2025/7/17,16:00,26.6,34.4
2025/7/17,17:00,25.3,31.6
2025/7/17,18:00,24.9,28.8
2025/7/17,19:00,24.3,26.7
2025/7/17,20:00,23.7,25.7
2025/7/17,21:00,23.6,24.7
2025/7/17,22:00,23.2,23.8
2025/7/17,23:00,23.4,23.3
2025/7/17,24:00,23.4,22.9
2025/7/18,1:00,22.1,21.2
2025/7/18,2:00,22.4,21.6
2025/7/18,3:00,22.0,21.1
2025/7/18,4:00,22.8,22.1
2025/7/18,5:00,23.1,22.6
2025/7/18,6:00,25.1,30.5
2025/7/18,7:00,26.7,36.3
2025/7/18,8:00,28.0,39.6
2025/7/18,9:00,28.2,41.8
2025/7/18,10:00,27.6,37.0
2025/7/18,11:00,28.0,37.1
2025/7/18,12:00,28.7,42.0
2025/7/18,13:00,29.3,44.4
2025/7/18,14:00,29.1,43.4
2025/7/18,15:00,28.4,40.3
2025/7/18,16:00,26.8,34.8
2025/7/18,17:00,26.4,33.0
2025/7/18,18:00,26.1,31.2
2025/7/18,19:00,25.1,27.6
2025/7/18,20:00,24.4,26.1
2025/7/18,21:00,23.8,24.9
2025/7/18,22:00,23.6,23.8
2025/7/18,23:00,23.3,23.5
2025/7/18,24:00,23.2,23.1
2025/7/19,1:00,23.1,22.1
2025/7/19,2:00,22.4,21.6
2025/7/19,3:00,22.5,22.3
2025/7/19,4:00,22.1,21.3
2025/7/19,5:00,21.6,21.1
2025/7/19,6:00,23.1,26.1
2025/7/19,7:00,25.9,35.2
2025/7/19,8:00,27.8,39.1
2025/7/19,9:00,28.6,39.9
2025/7/19,10:00,27.4,35.6
2025/7/19,11:00,28.1,39.1
2025/7/19,12:00,29.6,43.3
2025/7/19,13:00,29.6,44.7
2025/7/19,14:00,28.7,40.4
2025/7/19,15:00,28.9,40.7
2025/7/19,16:00,28.4,35.7
2025/7/19,17:00,29.2,38.5
2025/7/19,18:00,26.6,29.2
2025/7/19,19:00,25.8,27.2
2025/7/19,20:00,25.5,26.5
2025/7/19,21:00,25.1,25.9
2025/7/19,22:00,24.7,25.3
2025/7/19,23:00,24.5,25.0
2025/7/19,24:00,24.4,24.6
2025/7/20,1:00,24.2,24.4
2025/7/20,2:00,24.0,23.7
2025/7/20,3:00,23.9,23.7
2025/7/20,4:00,23.9,23.6
2025/7/20,5:00,23.1,22.6
2025/7/20,6:00,25.3,31.9
2025/7/20,7:00,25.6,30.1
2025/7/20,8:00,28.6,42.2
2025/7/20,9:00,27.4,35.4
2025/7/20,10:00,28.0,36.8
2025/7/20,11:00,29.5,41.3
2025/7/20,12:00,29.9,44.0
2025/7/20,13:00,30.1,44.4
2025/7/20,14:00,30.2,44.7
2025/7/20,15:00,29.1,43.7
2025/7/20,16:00,28.8,43.3
2025/7/20,17:00,28.3,41.1
2025/7/20,18:00,27.0,32.4
2025/7/20,19:00,25.7,29.2
2025/7/20,20:00,25.8,28.0
2025/7/20,21:00,25.1,27.0
2025/7/20,22:00,24.6,26.4
2025/7/20,23:00,24.6,25.8
2025/7/20,24:00,24.5,25.2
2025/7/21,1:00,24.2,24.5
2025/7/21,2:00,24.3,24.4
2025/7/21,3:00,24.1,24.1
2025/7/21,4:00,22.9,22.5
2025/7/21,5:00,22.9,23.4
2025/7/21,6:00,23.7,26.8
2025/7/21,7:00,27.3,36.4
2025/7/21,8:00,27.2,34.6
2025/7/21,9:00,29.7,44.4
2025/7/21,10:00,31.0,48.0
2025/7/21,11:00,31.8,48.5
2025/7/21,12:00,31.4,50.2
2025/7/21,13:00,32.3,50.3
2025/7/21,14:00,32.3,48.4
2025/7/21,15:00,31.8,48.2
2025/7/21,16:00,31.7,45.7
2025/7/21,17:00,29.6,38.1
2025/7/21,18:00,27.5,30.7
2025/7/21,19:00,26.5,27.7
2025/7/21,20:00,27.6,29.3
2025/7/21,21:00,26.2,28.6
2025/7/21,22:00,25.9,27.6
2025/7/21,23:00,25.9,26.8
2025/7/21,24:00,25.6,26.5
2025/7/22,1:00,25.3,26.0
2025/7/22,2:00,25.2,25.7
2025/7/22,3:00,25.0,25.3
2025/7/22,4:00,24.8,25.0
2025/7/22,5:00,25.0,25.5
2025/7/22,6:00,26.1,29.8
2025/7/22,7:00,28.5,37.9
2025/7/22,8:00,30.1,43.4
2025/7/22,9:00,30.6,45.1
2025/7/22,10:00,30.9,47.3
2025/7/22,11:00,32.2,50.3
2025/7/22,12:00,32.3,49.2
2025/7/22,13:00,32.3,48.4
2025/7/22,14:00,32.6,49.0
2025/7/22,15:00,31.0,43.9
2025/7/22,16:00,29.7,34.9
2025/7/22,17:00,28.8,31.9
2025/7/22,18:00,25.3,26.1
2025/7/22,19:00,24.6,24.8
2025/7/22,20:00,24.8,24.9
2025/7/22,21:00,24.8,24.7
2025/7/22,22:00,24.6,24.4
2025/7/22,23:00,24.4,24.1
2025/7/22,24:00,24.8,25.2
2025/7/23,1:00,24.9,25.4
2025/7/23,2:00,24.4,24.9
2025/7/23,3:00,24.0,24.4
2025/7/23,4:00,24.1,24.1
2025/7/23,5:00,24.2,24.8
2025/7/23,6:00,25.4,29.2
2025/7/23,7:00,28.0,38.4
2025/7/23,8:00,29.9,44.9
2025/7/23,9:00,30.4,44.0
2025/7/23,10:00,30.6,46.0
2025/7/23,11:00,31.6,47.1
2025/7/23,12:00,31.4,45.6
2025/7/23,13:00,32.2,49.7
2025/7/23,14:00,31.9,49.4
2025/7/23,15:00,29.8,37.8
2025/7/23,16:00,28.1,32.8
2025/7/23,17:00,28.6,33.2
2025/7/23,18:00,27.7,30.3
2025/7/23,19:00,26.2,27.6
2025/7/23,20:00,26.2,27.2
2025/7/23,21:00,25.9,28.2
2025/7/23,22:00,25.5,27.1
2025/7/23,23:00,25.1,26.5
2025/7/23,24:00,25.0,26.1
2025/7/24,1:00,25.0,25.5
2025/7/24,2:00,24.9,25.1
2025/7/24,3:00,24.5,24.4
2025/7/24,4:00,24.3,23.8
2025/7/24,5:00,24.5,24.2
2025/7/24,6:00,26.0,29.4
2025/7/24,7:00,28.3,37.5
2025/7/24,8:00,30.2,43.4
2025/7/24,9:00,30.7,45.1
2025/7/24,10:00,30.9,46.2
2025/7/24,11:00,30.2,41.9
2025/7/24,12:00,32.3,50.0
2025/7/24,13:00,32.4,49.1
2025/7/24,14:00,31.4,48.5
2025/7/24,15:00,31.0,46.5
2025/7/24,16:00,28.9,36.7
2025/7/24,17:00,28.8,35.2
2025/7/24,18:00,27.9,31.7
2025/7/24,19:00,27.2,30.2
2025/7/24,20:00,26.5,29.1
2025/7/24,21:00,26.0,28.2
2025/7/24,22:00,26.1,27.5
2025/7/24,23:00,25.9,26.8
2025/7/24,24:00,25.7,26.6
2025/7/25,1:00,25.5,26.1
2025/7/25,2:00,25.6,25.7
2025/7/25,3:00,25.2,25.1
2025/7/25,4:00,25.1,24.7
2025/7/25,5:00,25.3,25.6
2025/7/25,6:00,26.0,28.2
2025/7/25,7:00,28.2,35.7
2025/7/25,8:00,30.0,42.6
2025/7/25,9:00,30.1,41.1
2025/7/25,10:00,31.2,46.7
2025/7/25,11:00,33.0,50.8
2025/7/25,12:00,32.8,51.0
2025/7/25,13:00,32.0,47.9
2025/7/25,14:00,32.1,48.7
2025/7/25,15:00,31.2,46.2
2025/7/25,16:00,29.9,38.2
2025/7/25,17:00,29.8,38.9
2025/7/25,18:00,27.5,32.8
2025/7/25,19:00,27.2,30.4
2025/7/25,20:00,26.6,29.1
2025/7/25,21:00,26.4,28.2
2025/7/25,22:00,26.0,27.4
2025/7/25,23:00,25.6,27.1
2025/7/25,24:00,25.3,26.0
2025/7/26,1:00,25.2,25.7
2025/7/26,2:00,25.0,25.4
2025/7/26,3:00,24.9,25.0
2025/7/26,4:00,24.8,24.6
2025/7/26,5:00,24.4,24.3
2025/7/26,6:00,25.5,28.4
2025/7/26,7:00,28.3,39.6
2025/7/26,8:00,30.1,43.8
2025/7/26,9:00,30.7,45.6
2025/7/26,10:00,30.8,45.3
2025/7/26,11:00,30.8,47.2
2025/7/26,12:00,29.8,41.3
2025/7/26,13:00,32.7,50.2
2025/7/26,14:00,32.3,49.7
2025/7/26,15:00,32.1,48.0
2025/7/26,16:00,31.0,46.3
2025/7/26,17:00,30.2,41.3
2025/7/26,18:00,27.6,32.9
2025/7/26,19:00,26.6,29.8
2025/7/26,20:00,26.2,28.7
2025/7/26,21:00,25.8,27.8
2025/7/26,22:00,25.6,27.0
2025/7/26,23:00,25.4,26.3
2025/7/26,24:00,25.5,26.3
2025/7/27,1:00,25.3,25.3
2025/7/27,2:00,25.2,25.3
2025/7/27,3:00,25.2,25.1
2025/7/27,4:00,25.1,25.0
2025/7/27,5:00,24.7,24.4
2025/7/27,6:00,25.7,27.2
2025/7/27,7:00,27.8,36.3
2025/7/27,8:00,28.9,39.8
2025/7/27,9:00,29.0,39.5
2025/7/27,10:00,28.8,37.8
2025/7/27,11:00,30.4,45.5
2025/7/27,12:00,31.2,48.2
2025/7/27,13:00,31.5,47.7
2025/7/27,14:00,31.1,44.8
2025/7/27,15:00,29.5,39.4
2025/7/27,16:00,30.4,42.5
2025/7/27,17:00,29.3,39.4
2025/7/27,18:00,27.4,32.4
2025/7/27,19:00,26.3,29.6
2025/7/27,20:00,25.7,28.5
2025/7/27,21:00,25.5,27.5
2025/7/27,22:00,25.5,26.9
2025/7/27,23:00,25.5,26.5
2025/7/27,24:00,25.3,26.2
2025/7/28,1:00,25.2,25.8
2025/7/28,2:00,25.1,25.5
2025/7/28,3:00,25.0,25.1
2025/7/28,4:00,24.8,24.7
2025/7/28,5:00,24.7,24.6
2025/7/28,6:00,25.5,28.1
2025/7/28,7:00,27.9,36.4
2025/7/28,8:00,29.9,44.1
2025/7/28,9:00,30.8,46.9
2025/7/28,10:00,31.6,48.4
2025/7/28,11:00,31.8,50.1
2025/7/28,12:00,31.0,48.1
2025/7/28,13:00,30.6,48.0
2025/7/28,14:00,29.8,44.3
2025/7/28,15:00,30.4,44.3
2025/7/28,16:00,29.7,44.7
2025/7/28,17:00,28.4,42.1
2025/7/28,18:00,26.8,32.4
2025/7/28,19:00,25.3,27.0
2025/7/28,20:00,24.8,25.5
2025/7/28,21:00,24.6,24.8
2025/7/28,22:00,23.9,24.0
2025/7/28,23:00,23.5,23.3
2025/7/28,24:00,23.3,23.0
2025/7/29,1:00,23.7,23.7
2025/7/29,2:00,23.3,23.2
2025/7/29,3:00,23.7,24.2
2025/7/29,4:00,23.0,22.5
2025/7/29,5:00,23.0,22.8
2025/7/29,6:00,24.1,26.0
2025/7/29,7:00,26.8,36.1
2025/7/29,8:00,28.8,41.8
2025/7/29,9:00,30.1,45.3
2025/7/29,10:00,30.3,47.4
2025/7/29,11:00,31.1,46.1
2025/7/29,12:00,30.5,46.2
2025/7/29,13:00,30.3,46.7
2025/7/29,14:00,28.6,44.2
2025/7/29,15:00,28.2,42.5
2025/7/29,16:00,29.0,42.4
2025/7/29,17:00,28.1,38.9
2025/7/29,18:00,25.9,30.1
2025/7/29,19:00,24.7,25.3
2025/7/29,20:00,24.6,24.8
2025/7/29,21:00,24.6,24.2
2025/7/29,22:00,24.3,24.0
2025/7/29,23:00,24.1,23.8
2025/7/29,24:00,23.7,23.1
2025/7/30,1:00,23.4,22.5
2025/7/30,2:00,23.2,22.4
2025/7/30,3:00,22.9,22.2
2025/7/30,4:00,22.5,21.8
2025/7/30,5:00,22.4,22.3
2025/7/30,6:00,23.1,23.9
2025/7/30,7:00,26.4,36.9
2025/7/30,8:00,28.2,41.0
2025/7/30,9:00,28.7,41.5
2025/7/30,10:00,29.0,41.8
2025/7/30,11:00,29.0,42.0
2025/7/30,12:00,28.7,41.6
2025/7/30,13:00,28.9,41.6
2025/7/30,14:00,28.7,42.2
2025/7/30,15:00,27.9,40.3
2025/7/30,16:00,27.5,37.1
2025/7/30,17:00,26.3,33.8
2025/7/30,18:00,24.8,27.3
2025/7/30,19:00,24.0,23.9
2025/7/30,20:00,23.9,23.8
2025/7/30,21:00,23.8,23.4
2025/7/30,22:00,23.5,23.1
2025/7/30,23:00,22.8,22.6
2025/7/30,24:00,22.6,21.9
2025/7/31,1:00,22.4,21.5
2025/7/31,2:00,22.9,22.4
2025/7/31,3:00,23.1,22.8
2025/7/31,4:00,23.2,23.1
2025/7/31,5:00,22.3,22.6
2025/7/31,6:00,22.5,24.0
2025/7/31,7:00,24.1,28.4
2025/7/31,8:00,27.3,39.7
2025/7/31,9:00,27.1,38.4
2025/7/31,10:00,27.2,38.9
2025/7/31,11:00,27.3,39.4
2025/7/31,12:00,27.4,40.1
2025/7/31,13:00,27.5,40.7
2025/7/31,14:00,27.2,39.3
2025/7/31,15:00,27.2,38.2
2025/7/31,16:00,26.3,36.8
2025/7/31,17:00,25.8,34.7
2025/7/31,18:00,24.1,27.6
2025/7/31,19:00,23.5,23.9
2025/7/31,20:00,22.9,23.7
2025/7/31,21:00,22.8,23.6
2025/7/31,22:00,22.5,22.8
2025/7/31,23:00,22.4,22.8
2025/7/31,24:00,22.3,22.6

2025/8/1,1:00,22.0,23.0
2025/8/1,2:00,22.3,23.4
2025/8/1,3:00,22.0,22.5
2025/8/1,4:00,22.3,23.0
2025/8/1,5:00,22.4,23.5
2025/8/1,6:00,22.4,23.2
2025/8/1,7:00,22.9,25.4
2025/8/1,8:00,23.6,25.8
2025/8/1,9:00,25.2,31.8
2025/8/1,10:00,26.6,34.2
2025/8/1,11:00,27.6,35.8
2025/8/1,12:00,27.8,35.7
2025/8/1,13:00,27.0,32.2
2025/8/1,14:00,26.0,27.8
2025/8/1,15:00,25.7,26.3
2025/8/1,16:00,26.0,27.4
2025/8/1,17:00,25.6,25.9
2025/8/1,18:00,25.6,26.0
2025/8/1,19:00,25.6,25.7
2025/8/1,20:00,25.8,25.8
2025/8/1,21:00,25.9,26.2
2025/8/1,22:00,26.0,26.2
2025/8/1,23:00,25.7,25.5
2025/8/1,24:00,25.7,25.5
2025/8/2,1:00,25.3,25.1
2025/8/2,2:00,25.6,25.4
2025/8/2,3:00,25.5,25.3
2025/8/2,4:00,25.2,25.0
2025/8/2,5:00,24.8,24.6
2025/8/2,6:00,24.9,24.8
2025/8/2,7:00,25.2,25.5
2025/8/2,8:00,26.0,27.8
2025/8/2,9:00,28.0,34.6
2025/8/2,10:00,29.8,40.0
2025/8/2,11:00,30.4,44.9
2025/8/2,12:00,30.9,46.8
2025/8/2,13:00,30.7,43.9
2025/8/2,14:00,28.9,39.1
2025/8/2,15:00,31.0,49.2
2025/8/2,16:00,28.1,33.9
2025/8/2,17:00,28.8,39.7
2025/8/2,18:00,26.2,28.6
2025/8/2,19:00,25.8,26.9
2025/8/2,20:00,25.9,27.0
2025/8/2,21:00,25.8,25.4
2025/8/2,22:00,25.6,25.2
2025/8/2,23:00,25.5,25.2
2025/8/2,24:00,25.5,25.2
2025/8/3,1:00,25.6,25.3
2025/8/3,2:00,25.5,25.1
2025/8/3,3:00,25.1,24.6
2025/8/3,4:00,25.2,24.8
2025/8/3,5:00,25.0,24.5
2025/8/3,6:00,25.3,25.9
2025/8/3,7:00,27.5,35.5
2025/8/3,8:00,30.0,42.6
2025/8/3,9:00,31.3,46.7
2025/8/3,10:00,29.6,41.9
2025/8/3,11:00,30.9,44.6
2025/8/3,12:00,30.6,43.5
2025/8/3,13:00,30.3,42.9
2025/8/3,14:00,30.3,43.4
2025/8/3,15:00,30.2,43.3
2025/8/3,16:00,29.6,42.4
2025/8/3,17:00,28.6,38.5
2025/8/3,18:00,26.1,28.6
2025/8/3,19:00,25.5,25.9
2025/8/3,20:00,25.4,25.4
2025/8/3,21:00,25.2,25.3
2025/8/3,22:00,25.7,26.1
2025/8/3,23:00,25.7,25.9
2025/8/3,24:00,25.5,25.8
2025/8/4,1:00,25.5,25.6
2025/8/4,2:00,25.5,25.5
2025/8/4,3:00,25.5,25.3
2025/8/4,4:00,25.3,25.8
2025/8/4,5:00,24.9,25.2
2025/8/4,6:00,25.3,26.3
2025/8/4,7:00,25.9,28.1
2025/8/4,8:00,29.3,41.6
2025/8/4,9:00,29.5,39.7
2025/8/4,10:00,30.6,42.9
2025/8/4,11:00,31.9,47.6
2025/8/4,12:00,32.4,47.6
2025/8/4,13:00,30.9,41.3
2025/8/4,14:00,30.6,40.5
2025/8/4,15:00,30.9,43.3
2025/8/4,16:00,30.1,41.3
2025/8/4,17:00,28.5,37.5
2025/8/4,18:00,27.5,32.7
2025/8/4,19:00,27.0,29.2
2025/8/4,20:00,26.6,28.5
2025/8/4,21:00,26.4,27.6
2025/8/4,22:00,26.0,27.2
2025/8/4,23:00,25.8,26.9
2025/8/4,24:00,25.5,26.6
2025/8/5,1:00,25.4,26.2
2025/8/5,2:00,25.1,25.6
2025/8/5,3:00,25.1,25.6
2025/8/5,4:00,25.0,25.6
2025/8/5,5:00,24.7,24.7
2025/8/5,6:00,25.3,26.7
2025/8/5,7:00,28.4,39.3
2025/8/5,8:00,29.7,43.4
2025/8/5,9:00,30.5,45.2
2025/8/5,10:00,31.2,47.7
2025/8/5,11:00,32.1,48.3
2025/8/5,12:00,32.3,48.1
2025/8/5,13:00,32.8,50.9
2025/8/5,14:00,32.3,48.3
2025/8/5,15:00,32.8,48.4
2025/8/5,16:00,31.4,44.3
2025/8/5,17:00,30.4,41.9
2025/8/5,18:00,29.7,35.7
2025/8/5,19:00,28.8,32.2
2025/8/5,20:00,28.8,31.3
2025/8/5,21:00,27.9,29.3
2025/8/5,22:00,27.8,29.0
2025/8/5,23:00,27.4,28.7
2025/8/5,24:00,27.5,28.2
2025/8/6,1:00,26.9,27.5
2025/8/6,2:00,26.8,27.0
2025/8/6,3:00,26.7,26.7
2025/8/6,4:00,26.6,26.5
2025/8/6,5:00,26.4,26.5
2025/8/6,6:00,27.2,30.5
2025/8/6,7:00,29.1,36.7
2025/8/6,8:00,30.1,43.0
2025/8/6,9:00,30.4,42.8
2025/8/6,10:00,31.4,46.3
2025/8/6,11:00,32.0,51.2
2025/8/6,12:00,31.1,47.1
2025/8/6,13:00,31.7,49.3
2025/8/6,14:00,28.8,39.1
2025/8/6,15:00,30.9,47.3
2025/8/6,16:00,30.1,45.3
2025/8/6,17:00,27.6,33.4
2025/8/6,18:00,26.6,29.2
2025/8/6,19:00,24.7,25.1
2025/8/6,20:00,24.9,25.1
2025/8/6,21:00,24.9,25.0
2025/8/6,22:00,24.7,24.7
2025/8/6,23:00,24.6,24.3
2025/8/6,24:00,24.4,23.8
2025/8/7,1:00,24.5,23.9
2025/8/7,2:00,24.3,23.7
2025/8/7,3:00,24.4,24.0
2025/8/7,4:00,24.4,24.3
2025/8/7,5:00,24.5,24.6
2025/8/7,6:00,25.1,27.2
2025/8/7,7:00,25.6,28.7
2025/8/7,8:00,25.9,29.5
2025/8/7,9:00,25.6,32.4
2025/8/7,10:00,24.6,32.5
2025/8/7,11:00,24.6,30.6
2025/8/7,12:00,25.9,36.1
2025/8/7,13:00,27.0,35.1
2025/8/7,14:00,28.6,39.0
2025/8/7,15:00,28.0,37.2
2025/8/7,16:00,27.9,34.8
2025/8/7,17:00,27.3,32.3
2025/8/7,18:00,26.4,30.3
2025/8/7,19:00,25.6,26.6
2025/8/7,20:00,25.4,26.4
2025/8/7,21:00,25.3,25.5
2025/8/7,22:00,25.2,24.8
2025/8/7,23:00,25.1,24.8
2025/8/7,24:00,24.9,24.3
2025/8/8,1:00,24.5,24.0
2025/8/8,2:00,24.2,23.5
2025/8/8,3:00,23.7,23.2
2025/8/8,4:00,23.5,22.8
2025/8/8,5:00,23.4,22.9
2025/8/8,6:00,23.8,24.1
2025/8/8,7:00,26.0,34.6
2025/8/8,8:00,26.7,40.2
2025/8/8,9:00,29.0,45.8
2025/8/8,10:00,28.1,45.0
2025/8/8,11:00,29.2,47.0
2025/8/8,12:00,29.9,48.9
2025/8/8,13:00,26.0,35.2
2025/8/8,14:00,27.6,36.0
2025/8/8,15:00,24.0,24.3
2025/8/8,16:00,27.4,36.4
2025/8/8,17:00,24.8,27.9
2025/8/8,18:00,24.4,25.9
2025/8/8,19:00,20.8,20.5
2025/8/8,20:00,20.6,20.3
2025/8/8,21:00,21.3,20.8
2025/8/8,22:00,21.6,21.2
2025/8/8,23:00,21.5,20.8
2025/8/8,24:00,21.4,20.9
2025/8/9,1:00,21.5,20.9
2025/8/9,2:00,21.3,20.7
2025/8/9,3:00,21.0,20.5
2025/8/9,4:00,20.7,20.1
2025/8/9,5:00,20.8,20.5
2025/8/9,6:00,20.9,21.4
2025/8/9,7:00,23.5,31.7
2025/8/9,8:00,24.7,34.7
2025/8/9,9:00,27.7,42.9
2025/8/9,10:00,27.5,44.1
2025/8/9,11:00,26.6,41.3
2025/8/9,12:00,27.0,47.4
2025/8/9,13:00,27.2,47.2
2025/8/9,14:00,25.5,36.5
2025/8/9,15:00,28.2,48.4
2025/8/9,16:00,28.2,44.6
2025/8/9,17:00,27.4,38.9
2025/8/9,18:00,25.3,28.8
2025/8/9,19:00,24.2,25.9
2025/8/9,20:00,24.1,25.0
2025/8/9,21:00,24.0,24.0
2025/8/9,22:00,23.9,23.7
2025/8/9,23:00,23.8,23.6
2025/8/9,24:00,23.3,23.1
2025/8/10,1:00,22.9,23.2
2025/8/10,2:00,23.0,23.3
2025/8/10,3:00,23.0,23.2
2025/8/10,4:00,23.1,22.8
2025/8/10,5:00,22.9,22.4
2025/8/10,6:00,22.9,23.1
2025/8/10,7:00,23.7,25.2
2025/8/10,8:00,24.6,28.2
2025/8/10,9:00,25.5,28.9
2025/8/10,10:00,26.2,28.6
2025/8/10,11:00,26.2,29.3
2025/8/10,12:00,26.6,29.2
2025/8/10,13:00,26.8,30.0
2025/8/10,14:00,27.1,30.7
2025/8/10,15:00,26.6,29.1
2025/8/10,16:00,25.5,26.5
2025/8/10,17:00,26.0,27.8
2025/8/10,18:00,26.3,27.1
2025/8/10,19:00,26.1,26.7
2025/8/10,20:00,26.2,27.2
2025/8/10,21:00,26.1,27.2
2025/8/10,22:00,26.0,26.1
2025/8/10,23:00,26.1,25.9
2025/8/10,24:00,26.2,25.9
2025/8/11,1:00,26.0,26.0
2025/8/11,2:00,25.8,25.7
2025/8/11,3:00,25.9,26.1
2025/8/11,4:00,26.1,26.4
2025/8/11,5:00,26.1,26.8
2025/8/11,6:00,26.3,27.8
2025/8/11,7:00,26.3,28.4
2025/8/11,8:00,26.3,28.7
2025/8/11,9:00,26.8,29.7
2025/8/11,10:00,26.9,30.7
2025/8/11,11:00,27.8,33.7
2025/8/11,12:00,27.5,33.3
2025/8/11,13:00,27.1,31.2
2025/8/11,14:00,27.7,33.1
2025/8/11,15:00,28.1,34.5
2025/8/11,16:00,29.1,39.4
2025/8/11,17:00,27.2,31.2
2025/8/11,18:00,26.2,28.9
2025/8/11,19:00,26.0,27.3
2025/8/11,20:00,26.0,27.0
2025/8/11,21:00,26.1,26.9
2025/8/11,22:00,26.1,27.0
2025/8/11,23:00,26.0,26.7
2025/8/11,24:00,25.9,26.9
2025/8/12,1:00,26.2,27.3
2025/8/12,2:00,26.0,27.2
2025/8/12,3:00,26.0,27.2
2025/8/12,4:00,25.9,27.0
2025/8/12,5:00,25.9,27.0
2025/8/12,6:00,25.9,27.4
2025/8/12,7:00,26.4,29.5
2025/8/12,8:00,26.8,31.3
2025/8/12,9:00,26.8,30.7
2025/8/12,10:00,27.9,34.7
2025/8/12,11:00,26.0,29.5
2025/8/12,12:00,25.4,30.3
2025/8/12,13:00,25.5,30.5
2025/8/12,14:00,25.1,28.9
2025/8/12,15:00,24.3,26.5
2025/8/12,16:00,23.8,24.6
2025/8/12,17:00,23.5,23.7
2025/8/12,18:00,23.1,23.0
2025/8/12,19:00,23.0,22.6
2025/8/12,20:00,23.2,22.9
2025/8/12,21:00,23.2,23.1
2025/8/12,22:00,23.3,23.2
2025/8/12,23:00,23.5,23.4
2025/8/12,24:00,23.4,23.0
2025/8/13,1:00,22.8,22.2
2025/8/13,2:00,22.5,22.2
2025/8/13,3:00,22.6,22.2
2025/8/13,4:00,22.6,21.9
2025/8/13,5:00,22.5,21.9
2025/8/13,6:00,23.2,24.2
2025/8/13,7:00,23.9,26.2
2025/8/13,8:00,25.8,33.3
2025/8/13,9:00,26.7,36.5
2025/8/13,10:00,27.7,40.3
2025/8/13,11:00,28.4,40.7
2025/8/13,12:00,26.1,35.3
2025/8/13,13:00,26.8,38.5
2025/8/13,14:00,27.9,40.7
2025/8/13,15:00,27.0,38.1
2025/8/13,16:00,27.2,39.0
2025/8/13,17:00,26.0,35.6
2025/8/13,18:00,23.9,25.5
2025/8/13,19:00,23.4,23.8
2025/8/13,20:00,23.2,23.3
2025/8/13,21:00,23.2,23.9
2025/8/13,22:00,22.9,23.4
2025/8/13,23:00,22.8,22.5
2025/8/13,24:00,22.7,22.6
2025/8/14,1:00,22.5,22.1
2025/8/14,2:00,22.3,21.7
2025/8/14,3:00,22.1,21.4
2025/8/14,4:00,22.1,21.6
2025/8/14,5:00,22.0,21.5
2025/8/14,6:00,22.7,24.1
2025/8/14,7:00,25.0,33.4
2025/8/14,8:00,26.7,41.2
2025/8/14,9:00,27.3,44.8
2025/8/14,10:00,27.9,46.2
2025/8/14,11:00,28.4,45.5
2025/8/14,12:00,29.8,49.5
2025/8/14,13:00,27.7,40.9
2025/8/14,14:00,28.1,45.0
2025/8/14,15:00,27.5,42.7
2025/8/14,16:00,25.5,34.7
2025/8/14,17:00,25.2,32.8
2025/8/14,18:00,24.5,29.9
2025/8/14,19:00,23.3,23.8
2025/8/14,20:00,23.4,23.5
2025/8/14,21:00,23.6,23.3
2025/8/14,22:00,23.8,24.3
2025/8/14,23:00,23.7,24.0
2025/8/14,24:00,23.0,22.7
2025/8/15,1:00,22.5,22.1
2025/8/15,2:00,22.3,21.7
2025/8/15,3:00,22.0,21.5
2025/8/15,4:00,21.9,21.4
2025/8/15,5:00,21.9,21.4
2025/8/15,6:00,22.9,23.9
2025/8/15,7:00,25.3,34.1
2025/8/15,8:00,27.5,41.0
2025/8/15,9:00,28.5,42.2
2025/8/15,10:00,29.3,43.4
2025/8/15,11:00,30.1,43.4
2025/8/15,12:00,30.5,46.2
2025/8/15,13:00,30.7,46.4
2025/8/15,14:00,30.3,43.7
2025/8/15,15:00,26.1,31.3
2025/8/15,16:00,24.6,24.5
2025/8/15,17:00,25.0,25.0
2025/8/15,18:00,25.2,25.3
2025/8/15,19:00,25.0,24.7
2025/8/15,20:00,25.0,24.7
2025/8/15,21:00,25.1,24.8
2025/8/15,22:00,25.2,24.8
2025/8/15,23:00,24.8,24.6
2025/8/15,24:00,24.7,24.5
2025/8/16,1:00,24.9,24.7
2025/8/16,2:00,24.6,24.4
2025/8/16,3:00,24.5,24.2
2025/8/16,4:00,24.3,23.9
2025/8/16,5:00,24.5,24.1
2025/8/16,6:00,24.4,25.2
2025/8/16,7:00,25.0,27.3
2025/8/16,8:00,25.6,29.7
2025/8/16,9:00,26.4,32.5
2025/8/16,10:00,24.6,29.1
2025/8/16,11:00,28.9,44.2
2025/8/16,12:00,27.4,41.5
2025/8/16,13:00,27.2,40.6
2025/8/16,14:00,25.5,34.9
2025/8/16,15:00,26.2,35.9
2025/8/16,16:00,27.8,39.7
2025/8/16,17:00,27.2,35.4
2025/8/16,18:00,24.8,25.8
2025/8/16,19:00,24.4,24.2
2025/8/16,20:00,24.3,24.1
2025/8/16,21:00,24.4,23.9
2025/8/16,22:00,24.4,24.0
2025/8/16,23:00,24.8,24.9
2025/8/16,24:00,24.7,24.9
2025/8/17,1:00,24.7,24.8
2025/8/17,2:00,24.9,25.0
2025/8/17,3:00,24.9,25.1
2025/8/17,4:00,24.7,24.2
2025/8/17,5:00,24.5,24.2
2025/8/17,6:00,25.5,28.0
2025/8/17,7:00,27.2,34.1
2025/8/17,8:00,27.3,32.4
2025/8/17,9:00,28.5,36.3
2025/8/17,10:00,30.7,44.0
2025/8/17,11:00,31.1,45.3
2025/8/17,12:00,31.2,46.9
2025/8/17,13:00,31.2,46.7
2025/8/17,14:00,31.5,46.5
2025/8/17,15:00,32.3,46.7
2025/8/17,16:00,31.4,45.2
2025/8/17,17:00,29.8,39.0
2025/8/17,18:00,28.3,32.2
2025/8/17,19:00,27.5,29.9
2025/8/17,20:00,27.0,28.8
2025/8/17,21:00,26.7,27.9
2025/8/17,22:00,26.4,27.5
2025/8/17,23:00,26.2,27.0
2025/8/17,24:00,26.1,26.5
2025/8/18,1:00,25.7,25.3
2025/8/18,2:00,25.7,25.1
2025/8/18,3:00,25.0,24.7
2025/8/18,4:00,24.9,24.4
2025/8/18,5:00,24.8,24.4
2025/8/18,6:00,25.2,26.0
2025/8/18,7:00,27.4,34.8
2025/8/18,8:00,28.4,39.3
2025/8/18,9:00,31.1,49.3
2025/8/18,10:00,30.8,48.9
2025/8/18,11:00,30.7,45.8
2025/8/18,12:00,29.7,41.2
2025/8/18,13:00,30.4,47.3
2025/8/18,14:00,31.2,47.8
2025/8/18,15:00,28.5,42.9
2025/8/18,16:00,27.4,34.7
2025/8/18,17:00,27.3,35.3
2025/8/18,18:00,26.2,28.3
2025/8/18,19:00,25.6,26.3
2025/8/18,20:00,25.7,26.3
2025/8/18,21:00,25.9,26.5
2025/8/18,22:00,25.5,25.9
2025/8/18,23:00,25.1,25.6
2025/8/18,24:00,24.8,24.7
2025/8/19,1:00,24.2,23.9
2025/8/19,2:00,24.0,23.5
2025/8/19,3:00,23.7,23.6
2025/8/19,4:00,23.7,23.9
2025/8/19,5:00,23.6,23.2
2025/8/19,6:00,23.9,25.1
2025/8/19,7:00,25.9,32.5
2025/8/19,8:00,29.5,42.9
2025/8/19,9:00,29.5,42.0
2025/8/19,10:00,30.3,43.8
2025/8/19,11:00,31.8,46.5
2025/8/19,12:00,31.6,46.9
2025/8/19,13:00,31.2,46.6
2025/8/19,14:00,32.2,47.7
2025/8/19,15:00,31.0,42.7
2025/8/19,16:00,31.3,44.5
2025/8/19,17:00,28.2,32.2
2025/8/19,18:00,28.2,32.9
2025/8/19,19:00,27.4,30.4
2025/8/19,20:00,26.9,29.6
2025/8/19,21:00,26.3,28.3
2025/8/19,22:00,26.0,27.6
2025/8/19,23:00,25.6,27.0
2025/8/19,24:00,25.5,26.1
2025/8/20,1:00,25.1,24.9
2025/8/20,2:00,24.4,23.9
2025/8/20,3:00,24.0,23.3
2025/8/20,4:00,23.7,23.0
2025/8/20,5:00,23.5,22.9
2025/8/20,6:00,24.1,25.2
2025/8/20,7:00,25.8,30.8
2025/8/20,8:00,29.0,42.2
2025/8/20,9:00,30.4,45.1
2025/8/20,10:00,30.2,44.4
2025/8/20,11:00,30.1,44.0
2025/8/20,12:00,31.4,51.3
2025/8/20,13:00,31.5,50.9
2025/8/20,14:00,30.6,48.2
2025/8/20,15:00,30.1,47.0
2025/8/20,16:00,30.3,47.3
2025/8/20,17:00,28.5,38.7
2025/8/20,18:00,28.0,32.2
2025/8/20,19:00,27.0,30.5
2025/8/20,20:00,26.5,29.6
2025/8/20,21:00,26.2,28.4
2025/8/20,22:00,26.2,28.3
2025/8/20,23:00,25.9,27.8
2025/8/20,24:00,25.7,27.1
2025/8/21,1:00,25.6,25.9
2025/8/21,2:00,25.7,26.8
2025/8/21,3:00,25.2,25.5
2025/8/21,4:00,25.1,25.1
2025/8/21,5:00,25.1,24.5
2025/8/21,6:00,25.3,26.3
2025/8/21,7:00,27.2,32.4
2025/8/21,8:00,29.4,42.9
2025/8/21,9:00,29.7,46.4
2025/8/21,10:00,30.3,49.9
2025/8/21,11:00,30.3,49.7
2025/8/21,12:00,31.1,50.0
2025/8/21,13:00,30.7,45.8
2025/8/21,14:00,31.1,49.3
2025/8/21,15:00,30.3,46.6
2025/8/21,16:00,30.4,44.0
2025/8/21,17:00,27.9,32.3
2025/8/21,18:00,26.4,28.5
2025/8/21,19:00,25.6,26.1
2025/8/21,20:00,26.0,27.7
2025/8/21,21:00,25.1,25.6
2025/8/21,22:00,25.0,25.2
2025/8/21,23:00,24.8,25.3
2025/8/21,24:00,24.5,25.0
2025/8/22,1:00,24.2,24.6
2025/8/22,2:00,24.2,24.4
2025/8/22,3:00,24.1,23.8
2025/8/22,4:00,23.9,23.8
2025/8/22,5:00,23.7,23.2
2025/8/22,6:00,24.5,26.6
2025/8/22,7:00,25.8,31.5
2025/8/22,8:00,29.1,41.3
2025/8/22,9:00,28.7,41.7
2025/8/22,10:00,29.5,45.4
2025/8/22,11:00,29.6,46.2
2025/8/22,12:00,30.0,46.8
2025/8/22,13:00,30.9,48.2
2025/8/22,14:00,29.7,43.9
2025/8/22,15:00,28.9,41.7
2025/8/22,16:00,29.1,39.0
2025/8/22,17:00,27.7,32.7
2025/8/22,18:00,26.7,28.3
2025/8/22,19:00,26.1,26.2
2025/8/22,20:00,26.3,26.8
2025/8/22,21:00,26.4,27.1
2025/8/22,22:00,26.0,26.1
2025/8/22,23:00,25.9,25.4
2025/8/22,24:00,25.8,26.3
2025/8/23,1:00,25.5,25.9
2025/8/23,2:00,25.2,24.7
2025/8/23,3:00,24.9,24.2
2025/8/23,4:00,24.8,24.2
2025/8/23,5:00,24.7,24.4
2025/8/23,6:00,25.3,26.5
2025/8/23,7:00,26.1,30.5
2025/8/23,8:00,28.5,38.1
2025/8/23,9:00,29.3,39.3
2025/8/23,10:00,31.1,48.2
2025/8/23,11:00,31.9,48.7
2025/8/23,12:00,33.1,49.6
2025/8/23,13:00,32.5,49.6
2025/8/23,14:00,31.9,49.6
2025/8/23,15:00,32.6,48.5
2025/8/23,16:00,31.2,45.2
2025/8/23,17:00,29.0,34.6
2025/8/23,18:00,28.1,31.9
2025/8/23,19:00,28.1,30.8
2025/8/23,20:00,27.3,30.4
2025/8/23,21:00,26.8,29.2
2025/8/23,22:00,26.5,28.2
2025/8/23,23:00,26.5,27.0
2025/8/23,24:00,26.0,25.9
2025/8/24,1:00,25.9,26.0
2025/8/24,2:00,25.5,25.3
2025/8/24,3:00,25.5,25.1
2025/8/24,4:00,25.2,24.6
2025/8/24,5:00,24.9,24.4
2025/8/24,6:00,25.4,26.7
2025/8/24,7:00,26.6,30.8
2025/8/24,8:00,30.4,43.6
2025/8/24,9:00,32.1,47.0
2025/8/24,10:00,32.0,49.7
2025/8/24,11:00,32.2,50.2
2025/8/24,12:00,31.7,50.1
2025/8/24,13:00,31.6,47.9
2025/8/24,14:00,31.5,48.2
2025/8/24,15:00,30.4,44.0
2025/8/24,16:00,29.8,42.1
2025/8/24,17:00,28.3,38.0
2025/8/24,18:00,26.7,28.5
2025/8/24,19:00,26.5,27.0
2025/8/24,20:00,26.4,26.7
2025/8/24,21:00,26.0,26.7
2025/8/24,22:00,25.8,26.2
2025/8/24,23:00,25.7,26.2
2025/8/24,24:00,25.5,26.1
2025/8/25,1:00,25.3,25.4
2025/8/25,2:00,25.3,25.1
2025/8/25,3:00,25.3,25.6
2025/8/25,4:00,25.3,25.7
2025/8/25,5:00,25.3,25.7
2025/8/25,6:00,25.8,27.8
2025/8/25,7:00,25.9,28.8
2025/8/25,8:00,26.6,30.1
2025/8/25,9:00,28.4,36.5
2025/8/25,10:00,28.3,36.0
2025/8/25,11:00,30.6,42.8
2025/8/25,12:00,30.1,43.3
2025/8/25,13:00,29.6,39.5
2025/8/25,14:00,29.5,40.8
2025/8/25,15:00,28.6,35.7
2025/8/25,16:00,28.2,35.1
2025/8/25,17:00,27.3,30.5
2025/8/25,18:00,26.3,27.3
2025/8/25,19:00,26.2,26.9
2025/8/25,20:00,26.1,26.8
2025/8/25,21:00,26.0,26.7
2025/8/25,22:00,26.2,26.7
2025/8/25,23:00,26.2,26.7
2025/8/25,24:00,25.7,25.5
2025/8/26,1:00,25.4,25.0
2025/8/26,2:00,25.7,26.0
2025/8/26,3:00,24.7,24.2
2025/8/26,4:00,24.7,24.1
2025/8/26,5:00,24.3,23.6
2025/8/26,6:00,24.8,25.4
2025/8/26,7:00,25.9,29.2
2025/8/26,8:00,29.7,42.2
2025/8/26,9:00,28.5,36.6
2025/8/26,10:00,30.3,44.8
2025/8/26,11:00,29.7,42.1
2025/8/26,12:00,32.3,49.0
2025/8/26,13:00,32.7,48.5
2025/8/26,14:00,31.8,47.6
2025/8/26,15:00,31.2,44.8
2025/8/26,16:00,30.6,43.0
2025/8/26,17:00,29.9,38.1
2025/8/26,18:00,28.1,30.7
2025/8/26,19:00,27.5,29.8
2025/8/26,20:00,26.1,29.2
2025/8/26,21:00,25.7,27.9
2025/8/26,22:00,25.8,27.0
2025/8/26,23:00,25.4,25.9
2025/8/26,24:00,25.1,25.5
2025/8/27,1:00,24.9,25.0
2025/8/27,2:00,24.9,24.7
2025/8/27,3:00,24.8,24.7
2025/8/27,4:00,24.9,24.8
2025/8/27,5:00,24.0,23.4
2025/8/27,6:00,24.6,25.5
2025/8/27,7:00,25.7,29.1
2025/8/27,8:00,29.1,40.9
2025/8/27,9:00,29.6,41.0
2025/8/27,10:00,30.9,45.8
2025/8/27,11:00,31.5,47.0
2025/8/27,12:00,31.0,46.5
2025/8/27,13:00,32.1,49.3
2025/8/27,14:00,31.5,47.2
2025/8/27,15:00,29.9,40.7
2025/8/27,16:00,30.2,41.7
2025/8/27,17:00,28.4,34.6
2025/8/27,18:00,26.4,28.9
2025/8/27,19:00,24.1,23.7
2025/8/27,20:00,24.2,23.9
2025/8/27,21:00,24.3,24.2
2025/8/27,22:00,24.4,24.0
2025/8/27,23:00,24.3,24.0
2025/8/27,24:00,24.3,23.7
2025/8/28,1:00,24.1,23.3
2025/8/28,2:00,24.1,23.7
2025/8/28,3:00,23.7,23.2
2025/8/28,4:00,23.3,22.7
2025/8/28,5:00,23.1,22.4
2025/8/28,6:00,23.0,23.3
2025/8/28,7:00,23.7,25.6
2025/8/28,8:00,25.4,34.5
2025/8/28,9:00,25.3,35.9
2025/8/28,10:00,25.9,38.7
2025/8/28,11:00,26.9,40.8
2025/8/28,12:00,27.2,42.5
2025/8/28,13:00,26.9,44.7
2025/8/28,14:00,26.3,39.8
2025/8/28,15:00,24.6,32.6
2025/8/28,16:00,24.5,31.5
2025/8/28,17:00,25.4,33.6
2025/8/28,18:00,23.5,25.2
2025/8/28,19:00,23.5,23.9
2025/8/28,20:00,23.5,23.6
2025/8/28,21:00,23.7,23.8
2025/8/28,22:00,23.3,23.2
2025/8/28,23:00,23.1,23.0
2025/8/28,24:00,22.8,23.1
2025/8/29,1:00,22.5,22.8
2025/8/29,2:00,22.2,22.3
2025/8/29,3:00,22.3,22.3
2025/8/29,4:00,21.8,21.4
2025/8/29,5:00,21.8,21.2
2025/8/29,6:00,22.1,22.8
2025/8/29,7:00,23.7,27.8
2025/8/29,8:00,27.7,40.1
2025/8/29,9:00,27.8,43.5
2025/8/29,10:00,28.3,45.1
2025/8/29,11:00,29.5,47.9
2025/8/29,12:00,29.2,47.3
2025/8/29,13:00,30.0,46.3
2025/8/29,14:00,30.3,46.9
2025/8/29,15:00,29.9,45.2
2025/8/29,16:00,27.5,35.3
2025/8/29,17:00,27.0,31.7
2025/8/29,18:00,26.1,27.7
2025/8/29,19:00,25.9,26.3
2025/8/29,20:00,25.5,26.2
2025/8/29,21:00,25.0,26.1
2025/8/29,22:00,24.8,25.3
2025/8/29,23:00,25.0,24.6
2025/8/29,24:00,24.8,24.6
2025/8/30,1:00,24.4,23.7
2025/8/30,2:00,24.3,23.7
2025/8/30,3:00,24.3,23.7
2025/8/30,4:00,23.9,23.3
2025/8/30,5:00,23.6,23.1
2025/8/30,6:00,24.1,24.1
2025/8/30,7:00,25.4,28.0
2025/8/30,8:00,28.9,40.8
2025/8/30,9:00,31.0,46.1
2025/8/30,10:00,31.9,49.9
2025/8/30,11:00,31.7,51.2
2025/8/30,12:00,32.7,51.2
2025/8/30,13:00,32.3,52.1
2025/8/30,14:00,29.7,38.7
2025/8/30,15:00,31.6,47.0
2025/8/30,16:00,30.7,44.7
2025/8/30,17:00,28.3,37.4
2025/8/30,18:00,26.4,30.2
2025/8/30,19:00,26.4,28.5
2025/8/30,20:00,26.4,27.3
2025/8/30,21:00,26.7,28.1
2025/8/30,22:00,26.1,27.1
2025/8/30,23:00,26.2,26.9
2025/8/30,24:00,25.7,27.5
2025/8/31,1:00,25.2,25.5
2025/8/31,2:00,25.0,24.9
2025/8/31,3:00,24.7,24.3
2025/8/31,4:00,24.7,24.8
2025/8/31,5:00,24.1,23.8
2025/8/31,6:00,25.0,26.3
2025/8/31,7:00,26.0,30.0
2025/8/31,8:00,28.5,41.3
2025/8/31,9:00,29.4,45.2
2025/8/31,10:00,29.8,47.4
2025/8/31,11:00,30.7,48.0
2025/8/31,12:00,30.6,49.5
2025/8/31,13:00,30.4,45.5
2025/8/31,14:00,30.4,46.6
2025/8/31,15:00,31.0,43.9
2025/8/31,16:00,30.4,41.8
2025/8/31,17:00,29.0,36.2
2025/8/31,18:00,26.9,27.8
2025/8/31,19:00,26.6,26.5
2025/8/31,20:00,26.5,26.3
2025/8/31,21:00,26.4,26.0
2025/8/31,22:00,26.4,26.4
2025/8/31,23:00,26.3,26.3
2025/8/31,24:00,26.5,27.3

2025/9/1,1:00,26.5,26.8
2025/9/1,2:00,26.3,27.0
2025/9/1,3:00,26.3,26.5
2025/9/1,4:00,26.1,26.1
2025/9/1,5:00,25.8,25.7
2025/9/1,6:00,26.3,27.2
2025/9/1,7:00,26.7,29.1
2025/9/1,8:00,29.2,39.0
2025/9/1,9:00,28.9,40.6
2025/9/1,10:00,31.3,47.2
2025/9/1,11:00,30.8,46.4
2025/9/1,12:00,31.4,46.7
2025/9/1,13:00,29.8,41.0
2025/9/1,14:00,31.7,47.4
2025/9/1,15:00,30.9,43.2
2025/9/1,16:00,29.8,42.9
2025/9/1,17:00,28.0,38.6
2025/9/1,18:00,26.7,32.1
2025/9/1,19:00,26.5,30.3
2025/9/1,20:00,26.0,28.9
2025/9/1,21:00,25.9,28.0
2025/9/1,22:00,25.8,27.2
2025/9/1,23:00,25.7,26.6
2025/9/1,24:00,25.5,26.1
2025/9/2,1:00,25.4,25.6
2025/9/2,2:00,25.3,25.7
2025/9/2,3:00,25.3,25.3
2025/9/2,4:00,24.9,24.9
2025/9/2,5:00,23.9,23.3
2025/9/2,6:00,24.2,25.0
2025/9/2,7:00,25.5,27.7
2025/9/2,8:00,29.3,42.0
2025/9/2,9:00,30.2,42.9
2025/9/2,10:00,31.8,47.9
2025/9/2,11:00,31.0,45.0
2025/9/2,12:00,32.5,49.7
2025/9/2,13:00,30.7,44.7
2025/9/2,14:00,31.1,46.3
2025/9/2,15:00,31.2,44.7
2025/9/2,16:00,30.5,44.0
2025/9/2,17:00,28.6,37.6
2025/9/2,18:00,27.2,31.3
2025/9/2,19:00,26.7,30.1
2025/9/2,20:00,26.4,28.9
2025/9/2,21:00,26.4,28.7
2025/9/2,22:00,26.4,28.3
2025/9/2,23:00,25.0,27.0
2025/9/2,24:00,24.6,26.3
2025/9/3,1:00,24.6,26.3
2025/9/3,2:00,24.3,25.4
2025/9/3,3:00,24.1,24.9
2025/9/3,4:00,23.5,23.8
2025/9/3,5:00,23.0,22.7
2025/9/3,6:00,23.4,24.1
2025/9/3,7:00,24.9,28.2
2025/9/3,8:00,29.0,42.6
2025/9/3,9:00,29.3,46.3
2025/9/3,10:00,29.6,44.5
2025/9/3,11:00,30.4,47.2
2025/9/3,12:00,30.3,47.0
2025/9/3,13:00,30.5,47.5
2025/9/3,14:00,30.5,46.1
2025/9/3,15:00,29.9,44.7
2025/9/3,16:00,26.9,35.3
2025/9/3,17:00,26.1,28.9
2025/9/3,18:00,25.8,27.0
2025/9/3,19:00,25.4,27.4
2025/9/3,20:00,25.4,26.9
2025/9/3,21:00,25.1,26.8
2025/9/3,22:00,24.9,25.8
2025/9/3,23:00,25.0,25.4
2025/9/3,24:00,25.1,25.9
2025/9/4,1:00,25.6,26.1
2025/9/4,2:00,25.6,26.3
2025/9/4,3:00,25.0,25.6
2025/9/4,4:00,23.8,25.5
2025/9/4,5:00,23.4,24.6
2025/9/4,6:00,23.2,26.1
2025/9/4,7:00,23.7,28.1
2025/9/4,8:00,24.6,29.7
2025/9/4,9:00,25.3,29.4
2025/9/4,10:00,26.8,33.2
2025/9/4,11:00,26.7,33.7
2025/9/4,12:00,27.2,34.2
2025/9/4,13:00,25.0,25.5
2025/9/4,14:00,25.3,26.5
2025/9/4,15:00,26.2,29.5
2025/9/4,16:00,25.0,25.9
2025/9/4,17:00,24.9,25.8
2025/9/4,18:00,24.7,24.7
2025/9/4,19:00,24.6,24.5
2025/9/4,20:00,24.6,24.5
2025/9/4,21:00,24.4,24.2
2025/9/4,22:00,24.4,24.1
2025/9/4,23:00,24.7,24.4
2025/9/4,24:00,24.4,24.2
2025/9/5,1:00,24.4,24.3
2025/9/5,2:00,24.4,24.1
2025/9/5,3:00,24.4,24.3
2025/9/5,4:00,24.5,24.3
2025/9/5,5:00,24.6,24.3
2025/9/5,6:00,24.7,24.5
2025/9/5,7:00,25.0,25.1
2025/9/5,8:00,25.2,25.8
2025/9/5,9:00,25.4,26.1
2025/9/5,10:00,24.8,25.4
2025/9/5,11:00,24.6,24.9
2025/9/5,12:00,24.6,24.5
2025/9/5,13:00,24.4,24.4
2025/9/5,14:00,22.5,22.6
2025/9/5,15:00,22.5,22.5
2025/9/5,16:00,22.5,22.4
2025/9/5,17:00,22.9,23.3
2025/9/5,18:00,22.9,22.7
2025/9/5,19:00,23.0,22.3
2025/9/5,20:00,23.3,22.6
2025/9/5,21:00,22.8,22.4
2025/9/5,22:00,22.7,22.1
2025/9/5,23:00,22.3,21.6
2025/9/5,24:00,21.8,21.0
2025/9/6,1:00,21.5,20.8
2025/9/6,2:00,21.2,20.5
2025/9/6,3:00,20.9,20.0
2025/9/6,4:00,20.7,19.8
2025/9/6,5:00,20.6,19.5
2025/9/6,6:00,21.2,21.1
2025/9/6,7:00,22.1,23.2
2025/9/6,8:00,25.7,39.6
2025/9/6,9:00,26.2,38.4
2025/9/6,10:00,27.9,44.8
2025/9/6,11:00,28.4,46.6
2025/9/6,12:00,27.7,43.2
2025/9/6,13:00,28.0,43.3
2025/9/6,14:00,26.9,41.1
2025/9/6,15:00,26.5,40.8
2025/9/6,16:00,26.0,38.0
2025/9/6,17:00,24.7,33.5
2025/9/6,18:00,22.9,23.6
2025/9/6,19:00,22.8,22.6
2025/9/6,20:00,22.7,22.8
2025/9/6,21:00,22.9,23.8
2025/9/6,22:00,22.5,22.3
2025/9/6,23:00,22.7,23.6
2025/9/6,24:00,22.2,21.4
2025/9/7,1:00,22.0,21.2
2025/9/7,2:00,21.7,20.9
2025/9/7,3:00,21.4,20.7
2025/9/7,4:00,21.2,20.3
2025/9/7,5:00,21.0,20.3
2025/9/7,6:00,21.3,21.4
2025/9/7,7:00,22.8,25.6
2025/9/7,8:00,26.6,36.9
2025/9/7,9:00,27.4,38.1
2025/9/7,10:00,28.3,41.4
2025/9/7,11:00,28.7,39.7
2025/9/7,12:00,29.5,44.2
2025/9/7,13:00,27.7,41.7
2025/9/7,14:00,28.1,41.9
2025/9/7,15:00,27.8,42.1
2025/9/7,16:00,27.5,39.2
2025/9/7,17:00,26.5,34.5
2025/9/7,18:00,25.4,28.6
2025/9/7,19:00,25.2,27.4
2025/9/7,20:00,24.9,26.5
2025/9/7,21:00,24.7,25.7
2025/9/7,22:00,25.1,25.2
2025/9/7,23:00,24.9,25.1
2025/9/7,24:00,24.4,24.4
2025/9/8,1:00,24.2,24.0
2025/9/8,2:00,24.1,23.9
2025/9/8,3:00,24.0,23.5
2025/9/8,4:00,23.0,22.8
2025/9/8,5:00,22.8,22.7
2025/9/8,6:00,23.0,23.9
2025/9/8,7:00,24.3,27.4
2025/9/8,8:00,27.5,38.6
2025/9/8,9:00,28.8,43.9
2025/9/8,10:00,29.7,45.9
2025/9/8,11:00,30.9,49.5
2025/9/8,12:00,31.5,47.5
2025/9/8,13:00,30.9,47.5
2025/9/8,14:00,30.9,46.4
2025/9/8,15:00,29.8,44.0
2025/9/8,16:00,30.0,41.6
2025/9/8,17:00,27.4,30.9
2025/9/8,18:00,26.4,27.2
2025/9/8,19:00,26.2,26.6
2025/9/8,20:00,26.0,26.9
2025/9/8,21:00,26.1,26.7
2025/9/8,22:00,26.0,26.7
2025/9/8,23:00,25.6,26.2
2025/9/8,24:00,25.6,26.2
2025/9/9,1:00,25.2,25.3
2025/9/9,2:00,25.1,25.0
2025/9/9,3:00,25.0,25.6
2025/9/9,4:00,24.6,25.3
2025/9/9,5:00,24.6,25.1
2025/9/9,6:00,24.8,25.8
2025/9/9,7:00,26.1,30.2
2025/9/9,8:00,27.8,36.5
2025/9/9,9:00,27.2,32.8
2025/9/9,10:00,30.3,43.2
2025/9/9,11:00,31.0,48.4
2025/9/9,12:00,30.4,44.9
2025/9/9,13:00,30.6,45.8
2025/9/9,14:00,29.9,43.1
2025/9/9,15:00,28.8,39.1
2025/9/9,16:00,28.6,37.8
2025/9/9,17:00,26.1,30.3
2025/9/9,18:00,25.1,25.4
2025/9/9,19:00,25.0,25.5
2025/9/9,20:00,24.8,25.1
2025/9/9,21:00,24.7,24.8
2025/9/9,22:00,24.5,24.6
2025/9/9,23:00,24.5,24.3
2025/9/9,24:00,24.7,25.3
2025/9/10,1:00,24.5,24.1
2025/9/10,2:00,24.8,25.3
2025/9/10,3:00,24.7,25.1
2025/9/10,4:00,24.7,25.0
2025/9/10,5:00,24.7,25.1
2025/9/10,6:00,24.8,26.0
2025/9/10,7:00,25.1,26.4
2025/9/10,8:00,25.1,25.3
2025/9/10,9:00,24.5,24.6
2025/9/10,10:00,24.1,25.9
2025/9/10,11:00,25.1,28.9
2025/9/10,12:00,24.8,27.9
2025/9/10,13:00,25.3,29.7
2025/9/10,14:00,25.0,28.2
2025/9/10,15:00,25.0,28.2
2025/9/10,16:00,24.3,26.0
2025/9/10,17:00,23.9,24.3
2025/9/10,18:00,23.7,24.5
2025/9/10,19:00,23.7,24.4
2025/9/10,20:00,23.4,23.7
2025/9/10,21:00,23.6,24.0
2025/9/10,22:00,23.6,24.1
2025/9/10,23:00,23.8,24.2
2025/9/10,24:00,24.1,24.9
2025/9/11,1:00,23.9,24.3
2025/9/11,2:00,24.3,24.4
2025/9/11,3:00,24.3,24.7
2025/9/11,4:00,24.9,25.0
2025/9/11,5:00,24.9,25.1
2025/9/11,6:00,24.5,25.6
2025/9/11,7:00,24.6,26.9
2025/9/11,8:00,24.9,29.3
2025/9/11,9:00,24.6,29.4
2025/9/11,10:00,25.6,33.0
2025/9/11,11:00,25.0,31.3
2025/9/11,12:00,26.4,37.4
2025/9/11,13:00,27.4,40.7
2025/9/11,14:00,27.4,40.7
2025/9/11,15:00,25.3,33.1
2025/9/11,16:00,23.5,25.0
2025/9/11,17:00,23.2,23.0
2025/9/11,18:00,22.9,22.6
2025/9/11,19:00,22.7,22.4
2025/9/11,20:00,22.9,22.6
2025/9/11,21:00,23.0,22.9
2025/9/11,22:00,22.8,22.9
2025/9/11,23:00,22.9,23.1
2025/9/11,24:00,22.7,23.6
2025/9/12,1:00,22.3,22.0
2025/9/12,2:00,22.3,22.1
2025/9/12,3:00,21.9,21.5
2025/9/12,4:00,21.9,21.3
2025/9/12,5:00,21.8,21.1
2025/9/12,6:00,22.2,23.1
2025/9/12,7:00,23.8,27.0
2025/9/12,8:00,24.8,30.2
2025/9/12,9:00,26.5,37.0
2025/9/12,10:00,24.5,29.6
2025/9/12,11:00,25.4,32.7
2025/9/12,12:00,25.6,34.3
2025/9/12,13:00,26.8,38.8
2025/9/12,14:00,24.7,30.6
2025/9/12,15:00,24.4,29.5
2025/9/12,16:00,23.8,26.7
2025/9/12,17:00,23.6,25.4
2025/9/12,18:00,23.2,23.9
2025/9/12,19:00,23.3,23.8
2025/9/12,20:00,23.1,23.2
2025/9/12,21:00,23.2,23.5
2025/9/12,22:00,23.0,23.2
2025/9/12,23:00,23.1,22.8
2025/9/12,24:00,22.9,22.6
2025/9/13,1:00,22.5,22.1
2025/9/13,2:00,22.2,22.0
2025/9/13,3:00,22.3,22.0
2025/9/13,4:00,22.5,22.2
2025/9/13,5:00,22.6,22.4
2025/9/13,6:00,22.8,23.1
2025/9/13,7:00,23.2,24.9
2025/9/13,8:00,24.3,27.9
2025/9/13,9:00,24.4,27.6
2025/9/13,10:00,28.5,40.8
2025/9/13,11:00,26.7,33.2
2025/9/13,12:00,26.4,31.5
2025/9/13,13:00,28.4,40.4
2025/9/13,14:00,27.6,33.5
2025/9/13,15:00,26.7,29.6
2025/9/13,16:00,27.1,33.2
2025/9/13,17:00,25.9,28.4
2025/9/13,18:00,25.7,27.2
2025/9/13,19:00,25.4,26.9
2025/9/13,20:00,25.4,26.2
2025/9/13,21:00,25.4,26.6
2025/9/13,22:00,25.3,26.1
2025/9/13,23:00,25.2,26.3
2025/9/13,24:00,25.7,26.4
2025/9/14,1:00,25.4,26.4
2025/9/14,2:00,25.6,26.4
2025/9/14,3:00,25.4,26.0
2025/9/14,4:00,25.2,25.6
2025/9/14,5:00,24.1,23.9
2025/9/14,6:00,24.3,24.5
2025/9/14,7:00,24.5,25.5
2025/9/14,8:00,25.0,26.2
2025/9/14,9:00,25.6,28.1
2025/9/14,10:00,29.6,43.5
2025/9/14,11:00,30.9,48.9
2025/9/14,12:00,31.0,47.8
2025/9/14,13:00,29.3,42.1
2025/9/14,14:00,29.6,39.3
2025/9/14,15:00,29.0,37.1
2025/9/14,16:00,28.3,34.6
2025/9/14,17:00,27.7,32.3
2025/9/14,18:00,25.9,26.7
2025/9/14,19:00,24.8,26.5
2025/9/14,20:00,24.2,25.8
2025/9/14,21:00,24.7,24.9
2025/9/14,22:00,23.8,24.4
2025/9/14,23:00,23.8,24.5
2025/9/14,24:00,23.5,24.4
2025/9/15,1:00,23.4,24.4
2025/9/15,2:00,22.9,24.0
2025/9/15,3:00,22.6,23.3
2025/9/15,4:00,22.5,23.4
2025/9/15,5:00,22.1,23.2
2025/9/15,6:00,22.3,23.5
2025/9/15,7:00,22.9,25.9
2025/9/15,8:00,24.6,30.9
2025/9/15,9:00,24.9,32.9
2025/9/15,10:00,27.6,43.2
2025/9/15,11:00,28.1,44.0
2025/9/15,12:00,26.8,36.6
2025/9/15,13:00,26.3,37.2
2025/9/15,14:00,28.0,44.1
2025/9/15,15:00,28.1,43.4
2025/9/15,16:00,26.4,35.9
2025/9/15,17:00,25.7,33.0
2025/9/15,18:00,23.9,25.3
2025/9/15,19:00,24.3,24.8
2025/9/15,20:00,24.1,23.8
2025/9/15,21:00,23.8,23.4
2025/9/15,22:00,23.4,23.0
2025/9/15,23:00,23.4,22.7
2025/9/15,24:00,22.6,22.1
2025/9/16,1:00,22.4,21.8
2025/9/16,2:00,22.1,21.6
2025/9/16,3:00,22.2,22.1
2025/9/16,4:00,22.3,22.3
2025/9/16,5:00,22.3,22.0
2025/9/16,6:00,22.8,23.7
2025/9/16,7:00,24.0,27.8
2025/9/16,8:00,26.4,36.7
2025/9/16,9:00,28.4,40.9
2025/9/16,10:00,28.4,38.3
2025/9/16,11:00,30.8,47.4
2025/9/16,12:00,29.4,41.2
2025/9/16,13:00,29.8,41.8
2025/9/16,14:00,30.4,44.4
2025/9/16,15:00,29.6,42.3
2025/9/16,16:00,28.4,35.0
2025/9/16,17:00,27.5,32.9
2025/9/16,18:00,26.2,28.1
2025/9/16,19:00,25.6,27.0
2025/9/16,20:00,25.4,26.2
2025/9/16,21:00,25.3,25.9
2025/9/16,22:00,25.1,25.4
2025/9/16,23:00,25.1,25.3
2025/9/16,24:00,25.0,24.8
2025/9/17,1:00,24.9,24.6
2025/9/17,2:00,25.0,24.9
2025/9/17,3:00,24.9,24.6
2025/9/17,4:00,24.9,24.3
2025/9/17,5:00,23.5,23.4
2025/9/17,6:00,23.9,24.3
2025/9/17,7:00,25.3,27.5
2025/9/17,8:00,27.9,36.6
2025/9/17,9:00,29.4,43.2
2025/9/17,10:00,29.7,43.9
2025/9/17,11:00,30.5,46.5
2025/9/17,12:00,31.1,47.3
2025/9/17,13:00,32.3,50.6
2025/9/17,14:00,31.3,45.9
2025/9/17,15:00,31.5,46.1
2025/9/17,16:00,30.5,42.6
2025/9/17,17:00,28.4,33.5
2025/9/17,18:00,26.8,27.5
2025/9/17,19:00,26.6,26.8
2025/9/17,20:00,26.3,26.2
2025/9/17,21:00,26.3,26.4
2025/9/17,22:00,25.8,25.6
2025/9/17,23:00,25.3,25.1
2025/9/17,24:00,24.6,24.4
2025/9/18,1:00,24.9,24.7
2025/9/18,2:00,24.2,23.6
2025/9/18,3:00,24.0,23.6
2025/9/18,4:00,24.0,23.3
2025/9/18,5:00,23.9,23.4
2025/9/18,6:00,24.1,24.2
2025/9/18,7:00,25.4,28.1
2025/9/18,8:00,28.3,37.6
2025/9/18,9:00,29.6,42.7
2025/9/18,10:00,30.3,42.0
2025/9/18,11:00,29.6,39.7
2025/9/18,12:00,31.2,44.5
2025/9/18,13:00,31.2,47.7
2025/9/18,14:00,23.4,24.7
2025/9/18,15:00,23.2,23.5
2025/9/18,16:00,24.5,24.3
2025/9/18,17:00,23.7,24.2
2025/9/18,18:00,22.7,22.7
2025/9/18,19:00,22.6,22.7
2025/9/18,20:00,22.4,22.7
2025/9/18,21:00,22.0,22.9
2025/9/18,22:00,21.8,23.0
2025/9/18,23:00,21.2,22.7
2025/9/18,24:00,20.5,22.4
2025/9/19,1:00,19.7,20.9
2025/9/19,2:00,18.6,18.3
2025/9/19,3:00,19.1,18.6
2025/9/19,4:00,18.7,18.4
2025/9/19,5:00,19.1,18.8
2025/9/19,6:00,19.4,19.4
2025/9/19,7:00,19.9,21.3
2025/9/19,8:00,20.6,25.4
2025/9/19,9:00,22.3,31.0
2025/9/19,10:00,21.4,30.6
2025/9/19,11:00,24.0,38.4
2025/9/19,12:00,23.9,39.0
2025/9/19,13:00,21.7,31.4
2025/9/19,14:00,22.9,33.0
2025/9/19,15:00,21.8,28.0
2025/9/19,16:00,22.5,30.7
2025/9/19,17:00,20.7,24.2
2025/9/19,18:00,20.0,20.7
2025/9/19,19:00,19.8,19.8
2025/9/19,20:00,19.7,19.5
2025/9/19,21:00,19.9,20.2
2025/9/19,22:00,19.8,20.4
2025/9/19,23:00,19.7,21.0
2025/9/19,24:00,19.5,21.0
2025/9/20,1:00,19.5,21.4
2025/9/20,2:00,20.0,21.2
2025/9/20,3:00,19.6,20.5
2025/9/20,4:00,19.6,20.0
2025/9/20,5:00,19.5,20.0
2025/9/20,6:00,19.6,20.3
2025/9/20,7:00,20.0,21.8
2025/9/20,8:00,20.9,24.5
2025/9/20,9:00,23.0,32.9
2025/9/20,10:00,24.3,39.7
2025/9/20,11:00,24.5,37.5
2025/9/20,12:00,24.1,34.4
2025/9/20,13:00,22.0,24.7
2025/9/20,14:00,22.8,28.7
2025/9/20,15:00,23.7,30.2
2025/9/20,16:00,22.6,23.9
2025/9/20,17:00,23.3,23.1
2025/9/20,18:00,22.2,22.0
2025/9/20,19:00,22.0,21.9
2025/9/20,20:00,22.3,21.9
2025/9/20,21:00,22.9,22.6
2025/9/20,22:00,24.3,23.9
2025/9/20,23:00,24.6,24.5
2025/9/20,24:00,24.8,25.3
2025/9/21,1:00,23.8,23.9
2025/9/21,2:00,23.7,23.6
2025/9/21,3:00,22.2,22.1
2025/9/21,4:00,22.0,21.9
2025/9/21,5:00,21.9,21.6
2025/9/21,6:00,22.1,22.0
2025/9/21,7:00,22.7,23.5
2025/9/21,8:00,25.6,36.1
2025/9/21,9:00,26.3,40.1
2025/9/21,10:00,26.9,43.1
2025/9/21,11:00,26.2,41.7
2025/9/21,12:00,26.0,42.5
2025/9/21,13:00,25.6,42.0
2025/9/21,14:00,24.1,30.9
2025/9/21,15:00,22.6,33.0
2025/9/21,16:00,21.7,30.4
2025/9/21,17:00,21.2,25.9
2025/9/21,18:00,19.4,22.7
2025/9/21,19:00,18.3,21.4
2025/9/21,20:00,17.7,21.4
2025/9/21,21:00,16.9,20.7
2025/9/21,22:00,17.0,20.8
2025/9/21,23:00,17.7,20.7
2025/9/21,24:00,17.6,19.6
2025/9/22,1:00,17.0,19.6
2025/9/22,2:00,16.5,17.6
2025/9/22,3:00,16.4,17.8
2025/9/22,4:00,16.3,17.6
2025/9/22,5:00,15.9,16.1
2025/9/22,6:00,16.0,16.8
2025/9/22,7:00,17.0,18.5
2025/9/22,8:00,20.2,33.6
2025/9/22,9:00,21.3,35.4
2025/9/22,10:00,21.0,33.3
2025/9/22,11:00,22.2,36.8
2025/9/22,12:00,20.7,30.8
2025/9/22,13:00,20.9,32.9
2025/9/22,14:00,19.5,28.9
2025/9/22,15:00,22.3,37.0
2025/9/22,16:00,19.8,27.9
2025/9/22,17:00,18.0,20.9
2025/9/22,18:00,17.3,19.1
2025/9/22,19:00,17.1,18.8
2025/9/22,20:00,16.5,16.7
2025/9/22,21:00,16.0,16.1
2025/9/22,22:00,15.6,15.4
2025/9/22,23:00,15.2,14.5
2025/9/22,24:00,14.9,14.3
2025/9/23,1:00,14.6,13.7
2025/9/23,2:00,14.2,13.4
2025/9/23,3:00,14.2,13.5
2025/9/23,4:00,14.0,13.3
2025/9/23,5:00,14.0,13.5
2025/9/23,6:00,14.4,14.6
2025/9/23,7:00,15.9,16.9
2025/9/23,8:00,20.1,31.4
2025/9/23,9:00,21.7,35.8
2025/9/23,10:00,23.3,40.3
2025/9/23,11:00,21.8,37.8
2025/9/23,12:00,20.2,29.4
2025/9/23,13:00,21.3,32.8
2025/9/23,14:00,21.4,33.3
2025/9/23,15:00,20.5,30.0
2025/9/23,16:00,20.7,31.4
2025/9/23,17:00,18.6,22.4
2025/9/23,18:00,17.4,18.3
2025/9/23,19:00,17.0,16.7
2025/9/23,20:00,16.7,16.6
2025/9/23,21:00,15.9,15.4
2025/9/23,22:00,15.4,14.4
2025/9/23,23:00,15.1,14.2
2025/9/23,24:00,14.7,13.7
2025/9/24,1:00,14.4,13.5
2025/9/24,2:00,14.3,13.4
2025/9/24,3:00,14.1,12.9
2025/9/24,4:00,13.7,12.7
2025/9/24,5:00,13.6,12.6
2025/9/24,6:00,13.6,13.0
2025/9/24,7:00,15.2,15.6
2025/9/24,8:00,20.0,32.4
2025/9/24,9:00,21.5,35.1
2025/9/24,10:00,22.6,38.5
2025/9/24,11:00,23.4,40.7
2025/9/24,12:00,21.8,35.1
2025/9/24,13:00,22.2,37.5
2025/9/24,14:00,22.3,37.1
2025/9/24,15:00,21.7,35.5
2025/9/24,16:00,20.6,33.3
2025/9/24,17:00,18.2,22.5
2025/9/24,18:00,17.4,18.0
2025/9/24,19:00,17.0,17.2
2025/9/24,20:00,16.8,16.7
2025/9/24,21:00,16.3,16.4
2025/9/24,22:00,15.7,15.2
2025/9/24,23:00,15.5,15.0
2025/9/24,24:00,16.1,16.3
2025/9/25,1:00,16.3,16.7
2025/9/25,2:00,16.5,16.9
2025/9/25,3:00,16.2,15.5
2025/9/25,4:00,15.8,15.3
2025/9/25,5:00,15.8,14.8
2025/9/25,6:00,15.9,15.6
2025/9/25,7:00,17.3,19.9
2025/9/25,8:00,21.2,31.8
2025/9/25,9:00,23.0,35.4
2025/9/25,10:00,23.1,35.7
2025/9/25,11:00,23.5,36.7
2025/9/25,12:00,24.0,37.5
2025/9/25,13:00,25.3,41.5
2025/9/25,14:00,24.9,40.6
2025/9/25,15:00,23.8,34.4
2025/9/25,16:00,22.8,30.3
2025/9/25,17:00,21.8,26.5
2025/9/25,18:00,21.6,25.3
2025/9/25,19:00,21.5,24.1
2025/9/25,20:00,21.4,24.2
2025/9/25,21:00,21.1,23.4
2025/9/25,22:00,21.0,22.6
2025/9/25,23:00,20.6,21.3
2025/9/25,24:00,20.4,20.7
2025/9/26,1:00,20.4,20.4
2025/9/26,2:00,19.8,19.4
2025/9/26,3:00,19.6,19.0
2025/9/26,4:00,19.3,18.5
2025/9/26,5:00,19.1,18.5
2025/9/26,6:00,18.9,18.6
2025/9/26,7:00,20.3,22.0
2025/9/26,8:00,23.8,35.7
2025/9/26,9:00,26.8,40.6
2025/9/26,10:00,27.3,42.5
2025/9/26,11:00,26.7,39.7
2025/9/26,12:00,27.5,44.2
2025/9/26,13:00,27.4,42.6
2025/9/26,14:00,27.0,42.2
2025/9/26,15:00,26.2,40.5
2025/9/26,16:00,25.3,35.2
2025/9/26,17:00,23.2,25.0
2025/9/26,18:00,21.8,23.1
2025/9/26,19:00,22.1,23.3
2025/9/26,20:00,21.7,23.1
2025/9/26,21:00,21.4,22.2
2025/9/26,22:00,21.5,22.4
2025/9/26,23:00,21.5,22.8
2025/9/26,24:00,21.3,22.5
2025/9/27,1:00,21.1,21.4
2025/9/27,2:00,20.9,21.4
2025/9/27,3:00,20.9,21.3
2025/9/27,4:00,21.1,20.9
2025/9/27,5:00,20.3,20.3
2025/9/27,6:00,19.9,21.3
2025/9/27,7:00,19.6,23.5
2025/9/27,8:00,20.9,28.8
2025/9/27,9:00,21.1,29.4
2025/9/27,10:00,23.3,39.8
2025/9/27,11:00,25.0,45.7
2025/9/27,12:00,24.7,45.4
2025/9/27,13:00,24.7,44.2
2025/9/27,14:00,24.6,41.6
2025/9/27,15:00,23.6,39.3
2025/9/27,16:00,21.7,33.8
2025/9/27,17:00,20.1,24.0
2025/9/27,18:00,20.3,21.3
2025/9/27,19:00,19.9,21.8
2025/9/27,20:00,19.6,20.4
2025/9/27,21:00,19.6,20.8
2025/9/27,22:00,19.7,20.5
2025/9/27,23:00,18.9,19.3
2025/9/27,24:00,19.0,19.3
2025/9/28,1:00,18.5,19.1
2025/9/28,2:00,17.9,17.1
2025/9/28,3:00,18.0,18.1
2025/9/28,4:00,18.1,18.4
2025/9/28,5:00,18.1,18.2
2025/9/28,6:00,18.1,18.5
2025/9/28,7:00,19.4,23.0
2025/9/28,8:00,22.2,32.8
2025/9/28,9:00,25.4,43.2
2025/9/28,10:00,25.1,40.1
2025/9/28,11:00,23.6,31.9
2025/9/28,12:00,25.3,38.8
2025/9/28,13:00,26.4,40.2
2025/9/28,14:00,23.9,34.0
2025/9/28,15:00,23.8,32.2
2025/9/28,16:00,22.9,28.9
2025/9/28,17:00,22.1,25.4
2025/9/28,18:00,21.7,24.2
2025/9/28,19:00,21.8,23.5
2025/9/28,20:00,21.8,22.7
2025/9/28,21:00,21.6,22.3
2025/9/28,22:00,21.7,22.2
2025/9/28,23:00,21.9,22.6
2025/9/28,24:00,22.3,22.8
2025/9/29,1:00,22.5,22.9
2025/9/29,2:00,22.7,23.1
2025/9/29,3:00,22.3,22.5
2025/9/29,4:00,22.5,23.0
2025/9/29,5:00,22.4,22.9
2025/9/29,6:00,22.7,23.5
2025/9/29,7:00,23.3,25.5
2025/9/29,8:00,24.6,29.6
2025/9/29,9:00,26.2,35.4
2025/9/29,10:00,27.9,42.6
2025/9/29,11:00,27.1,39.2
2025/9/29,12:00,27.6,43.3
2025/9/29,13:00,25.5,33.5
2025/9/29,14:00,26.2,34.5
2025/9/29,15:00,25.8,32.7
2025/9/29,16:00,26.2,33.1
2025/9/29,17:00,24.0,27.9
2025/9/29,18:00,21.4,25.2
2025/9/29,19:00,20.9,24.2
2025/9/29,20:00,20.3,23.5
2025/9/29,21:00,19.8,22.4
2025/9/29,22:00,19.4,22.3
2025/9/29,23:00,19.6,20.8
2025/9/29,24:00,19.2,20.4
2025/9/30,1:00,19.0,20.3
2025/9/30,2:00,18.9,20.6
2025/9/30,3:00,18.2,19.6
2025/9/30,4:00,17.6,17.8
2025/9/30,5:00,17.1,17.3
2025/9/30,6:00,16.9,17.3
2025/9/30,7:00,18.2,20.5
2025/9/30,8:00,21.8,34.0
2025/9/30,9:00,22.3,36.0
2025/9/30,10:00,23.3,39.5
2025/9/30,11:00,23.5,38.7
2025/9/30,12:00,23.6,39.6
2025/9/30,13:00,24.5,41.2
2025/9/30,14:00,23.2,39.4
2025/9/30,15:00,23.2,36.0
2025/9/30,16:00,21.4,28.2
2025/9/30,17:00,20.0,21.9
2025/9/30,18:00,19.7,20.4
2025/9/30,19:00,19.5,19.9
2025/9/30,20:00,19.5,19.2
2025/9/30,21:00,18.9,18.7
2025/9/30,22:00,18.8,18.7
2025/9/30,23:00,18.4,18.1
2025/9/30,24:00,18.0,17.7
