日付,都道府県コード,搬送人員（計）,年齢区分：新生児,年齢区分：乳幼児,年齢区分：少年,年齢区分：成人,年齢区分：高齢者,年齢区分：不明,傷病程度：死亡,傷病程度：重症,傷病程度：中等症,傷病程度：軽症,傷病程度：その他,発生場所：住居,発生場所：仕事場①,発生場所：仕事場② ,発生場所：教育機関,発生場所：公衆(屋内),発生場所：公衆(屋外),発生場所：道路,発生場所：その他
2025/5/1,1,2,0,0,0,0,2,0,0,0,1,1,0,0,0,1,0,0,0,0,1
2025/5/1,2,0,0,0,0,0,0,0,0,0,0,0,0,0,0,0,0,0,0,0,0
2025/5/1,3,3,0,0,0,0,3,0,0,1,1,1,0,3,0,0,0,0,0,0,0
2025/5/1,4,0,0,0,0,0,0,0,0,0,0,0,0,0,0,0,0,0,0,0,0
2025/5/1,5,0,0,0,0,0,0,0,0,0,0,0,0,0,0,0,0,0,0,0,0
2025/5/1,6,0,0,0,0,0,0,0,0,0,0,0,0,0,0,0,0,0,0,0,0
2025/5/1,7,3,0,0,1,0,2,0,0,0,0,3,0,1,2,0,0,0,0,0,0
2025/5/1,8,1,0,0,0,0,1,0,0,0,0,1,0,0,0,0,0,0,1,0,0
2025/5/1,9,2,0,0,0,0,2,0,0,0,1,1,0,1,0,0,0,0,0,1,0
2025/5/1,10,5,0,0,1,1,3,0,0,2,0,3,0,0,0,0,1,1,0,3,0
2025/5/1,11,4,0,1,0,2,1,0,0,0,2,2,0,0,0,1,0,0,1,2,0
2025/5/1,12,1,0,0,0,1,0,0,0,0,0,1,0,0,0,1,0,0,0,0,0
2025/5/1,13,3,0,1,0,0,2,0,0,0,1,2,0,1,0,0,0,0,0,2,0
2025/5/1,14,1,0,0,0,1,0,0,0,0,0,1,0,0,1,0,0,0,0,0,0
2025/5/1,15,3,0,0,0,1,2,0,0,0,0,3,0,1,0,0,0,0,0,1,1
2025/5/1,16,0,0,0,0,0,0,0,0,0,0,0,0,0,0,0,0,0,0,0,0
2025/5/1,17,1,0,0,0,0,1,0,0,0,0,1,0,0,0,0,0,0,0,1,0
2025/5/1,18,0,0,0,0,0,0,0,0,0,0,0,0,0,0,0,0,0,0,0,0
2025/5/1,19,0,0,0,0,0,0,0,0,0,0,0,0,0,0,0,0,0,0,0,0
2025/5/1,20,1,0,0,0,1,0,0,0,0,0,1,0,0,0,0,0,0,0,1,0
2025/5/1,21,2,0,0,1,0,1,0,0,0,1,1,0,0,0,0,1,0,0,1,0
2025/5/1,22,2,0,0,0,0,2,0,0,1,0,1,0,0,0,0,0,1,1,0,0
2025/5/1,23,2,0,0,1,1,0,0,0,0,0,2,0,0,1,0,1,0,0,0,0
2025/5/1,24,1,0,0,1,0,0,0,0,0,0,1,0,0,0,0,1,0,0,0,0
2025/5/1,25,1,0,0,0,0,1,0,0,0,0,1,0,0,0,0,0,0,1,0,0
2025/5/1,26,0,0,0,0,0,0,0,0,0,0,0,0,0,0,0,0,0,0,0,0
2025/5/1,27,0,0,0,0,0,0,0,0,0,0,0,0,0,0,0,0,0,0,0,0
2025/5/1,28,3,0,0,0,2,1,0,0,0,0,3,0,1,1,0,0,0,0,1,0
2025/5/1,29,0,0,0,0,0,0,0,0,0,0,0,0,0,0,0,0,0,0,0,0
2025/5/1,30,0,0,0,0,0,0,0,0,0,0,0,0,0,0,0,0,0,0,0,0
2025/5/1,31,0,0,0,0,0,0,0,0,0,0,0,0,0,0,0,0,0,0,0,0
2025/5/1,32,0,0,0,0,0,0,0,0,0,0,0,0,0,0,0,0,0,0,0,0
2025/5/1,33,0,0,0,0,0,0,0,0,0,0,0,0,0,0,0,0,0,0,0,0
2025/5/1,34,1,0,0,0,0,1,0,0,0,0,1,0,0,0,0,0,0,0,1,0
2025/5/1,35,1,0,0,0,0,1,0,0,0,0,1,0,1,0,0,0,0,0,0,0
2025/5/1,36,1,0,0,0,0,1,0,0,0,0,1,0,0,0,0,0,1,0,0,0
2025/5/1,37,0,0,0,0,0,0,0,0,0,0,0,0,0,0,0,0,0,0,0,0
2025/5/1,38,0,0,0,0,0,0,0,0,0,0,0,0,0,0,0,0,0,0,0,0
2025/5/1,39,0,0,0,0,0,0,0,0,0,0,0,0,0,0,0,0,0,0,0,0
2025/5/1,40,3,0,0,1,0,2,0,0,0,2,1,0,0,0,0,1,1,0,1,0
2025/5/1,41,1,0,0,0,0,1,0,0,0,1,0,0,1,0,0,0,0,0,0,0
2025/5/1,42,0,0,0,0,0,0,0,0,0,0,0,0,0,0,0,0,0,0,0,0
2025/5/1,43,0,0,0,0,0,0,0,0,0,0,0,0,0,0,0,0,0,0,0,0
2025/5/1,44,1,0,0,0,0,1,0,0,0,1,0,0,0,0,0,0,0,0,1,0
2025/5/1,45,1,0,0,0,0,1,0,0,0,0,1,0,0,0,1,0,0,0,0,0
2025/5/1,46,0,0,0,0,0,0,0,0,0,0,0,0,0,0,0,0,0,0,0,0
2025/5/1,47,1,0,0,0,0,1,0,0,0,1,0,0,1,0,0,0,0,0,0,0
2025/5/2,1,0,0,0,0,0,0,0,0,0,0,0,0,0,0,0,0,0,0,0,0
2025/5/2,2,2,0,0,1,1,0,0,0,0,0,2,0,0,0,0,0,0,2,0,0
2025/5/2,3,0,0,0,0,0,0,0,0,0,0,0,0,0,0,0,0,0,0,0,0
2025/5/2,4,0,0,0,0,0,0,0,0,0,0,0,0,0,0,0,0,0,0,0,0
2025/5/2,5,0,0,0,0,0,0,0,0,0,0,0,0,0,0,0,0,0,0,0,0
2025/5/2,6,0,0,0,0,0,0,0,0,0,0,0,0,0,0,0,0,0,0,0,0
2025/5/2,7,0,0,0,0,0,0,0,0,0,0,0,0,0,0,0,0,0,0,0,0
2025/5/2,8,0,0,0,0,0,0,0,0,0,0,0,0,0,0,0,0,0,0,0,0
2025/5/2,9,0,0,0,0,0,0,0,0,0,0,0,0,0,0,0,0,0,0,0,0
2025/5/2,10,0,0,0,0,0,0,0,0,0,0,0,0,0,0,0,0,0,0,0,0
2025/5/2,11,0,0,0,0,0,0,0,0,0,0,0,0,0,0,0,0,0,0,0,0
2025/5/2,12,0,0,0,0,0,0,0,0,0,0,0,0,0,0,0,0,0,0,0,0
2025/5/2,13,1,0,0,0,1,0,0,0,0,0,1,0,1,0,0,0,0,0,0,0
2025/5/2,14,1,0,0,0,0,1,0,0,0,1,0,0,0,0,0,0,1,0,0,0
2025/5/2,15,1,0,0,0,0,1,0,0,0,0,1,0,1,0,0,0,0,0,0,0
2025/5/2,16,0,0,0,0,0,0,0,0,0,0,0,0,0,0,0,0,0,0,0,0
2025/5/2,17,0,0,0,0,0,0,0,0,0,0,0,0,0,0,0,0,0,0,0,0
2025/5/2,18,0,0,0,0,0,0,0,0,0,0,0,0,0,0,0,0,0,0,0,0
2025/5/2,19,0,0,0,0,0,0,0,0,0,0,0,0,0,0,0,0,0,0,0,0
2025/5/2,20,0,0,0,0,0,0,0,0,0,0,0,0,0,0,0,0,0,0,0,0
2025/5/2,21,1,0,0,0,0,1,0,0,0,0,1,0,1,0,0,0,0,0,0,0
2025/5/2,22,0,0,0,0,0,0,0,0,0,0,0,0,0,0,0,0,0,0,0,0
2025/5/2,23,1,0,0,0,0,1,0,0,0,0,1,0,0,0,1,0,0,0,0,0
2025/5/2,24,0,0,0,0,0,0,0,0,0,0,0,0,0,0,0,0,0,0,0,0
2025/5/2,25,0,0,0,0,0,0,0,0,0,0,0,0,0,0,0,0,0,0,0,0
2025/5/2,26,0,0,0,0,0,0,0,0,0,0,0,0,0,0,0,0,0,0,0,0
2025/5/2,27,1,0,0,0,0,1,0,0,0,1,0,0,0,0,0,0,1,0,0,0
2025/5/2,28,0,0,0,0,0,0,0,0,0,0,0,0,0,0,0,0,0,0,0,0
2025/5/2,29,0,0,0,0,0,0,0,0,0,0,0,0,0,0,0,0,0,0,0,0
2025/5/2,30,0,0,0,0,0,0,0,0,0,0,0,0,0,0,0,0,0,0,0,0
2025/5/2,31,1,0,0,0,1,0,0,0,0,0,1,0,0,0,0,0,0,1,0,0
2025/5/2,32,0,0,0,0,0,0,0,0,0,0,0,0,0,0,0,0,0,0,0,0
2025/5/2,33,0,0,0,0,0,0,0,0,0,0,0,0,0,0,0,0,0,0,0,0
2025/5/2,34,0,0,0,0,0,0,0,0,0,0,0,0,0,0,0,0,0,0,0,0
2025/5/2,35,0,0,0,0,0,0,0,0,0,0,0,0,0,0,0,0,0,0,0,0
2025/5/2,36,0,0,0,0,0,0,0,0,0,0,0,0,0,0,0,0,0,0,0,0
2025/5/2,37,0,0,0,0,0,0,0,0,0,0,0,0,0,0,0,0,0,0,0,0
2025/5/2,38,0,0,0,0,0,0,0,0,0,0,0,0,0,0,0,0,0,0,0,0
2025/5/2,39,0,0,0,0,0,0,0,0,0,0,0,0,0,0,0,0,0,0,0,0
2025/5/2,40,2,0,0,0,0,2,0,0,0,1,1,0,0,0,0,0,0,1,1,0
2025/5/2,41,0,0,0,0,0,0,0,0,0,0,0,0,0,0,0,0,0,0,0,0
2025/5/2,42,0,0,0,0,0,0,0,0,0,0,0,0,0,0,0,0,0,0,0,0
2025/5/2,43,3,0,0,0,1,2,0,0,0,0,3,0,1,0,0,0,0,0,1,1
2025/5/2,44,1,0,0,1,0,0,0,0,0,0,1,0,0,0,0,1,0,0,0,0
2025/5/2,45,0,0,0,0,0,0,0,0,0,0,0,0,0,0,0,0,0,0,0,0
2025/5/2,46,0,0,0,0,0,0,0,0,0,0,0,0,0,0,0,0,0,0,0,0
2025/5/2,47,1,0,0,0,1,0,0,0,0,0,1,0,0,0,0,0,0,0,0,1
2025/5/3,1,0,0,0,0,0,0,0,0,0,0,0,0,0,0,0,0,0,0,0,0
2025/5/3,2,0,0,0,0,0,0,0,0,0,0,0,0,0,0,0,0,0,0,0,0
2025/5/3,3,0,0,0,0,0,0,0,0,0,0,0,0,0,0,0,0,0,0,0,0
2025/5/3,4,0,0,0,0,0,0,0,0,0,0,0,0,0,0,0,0,0,0,0,0
2025/5/3,5,0,0,0,0,0,0,0,0,0,0,0,0,0,0,0,0,0,0,0,0
2025/5/3,6,2,0,0,0,1,1,0,0,0,1,1,0,1,0,0,0,0,1,0,0
2025/5/3,7,0,0,0,0,0,0,0,0,0,0,0,0,0,0,0,0,0,0,0,0
2025/5/3,8,1,0,0,0,0,1,0,0,0,0,1,0,0,0,0,0,0,0,1,0
2025/5/3,9,1,0,0,1,0,0,0,0,0,0,1,0,0,0,0,1,0,0,0,0
2025/5/3,10,0,0,0,0,0,0,0,0,0,0,0,0,0,0,0,0,0,0,0,0
2025/5/3,11,3,0,0,0,1,2,0,0,0,2,1,0,1,1,0,0,0,0,1,0
2025/5/3,12,2,0,0,0,1,1,0,0,0,2,0,0,0,0,1,0,0,1,0,0
2025/5/3,13,4,0,0,0,2,2,0,0,0,1,3,0,1,0,0,0,1,2,0,0
2025/5/3,14,2,0,0,1,0,1,0,0,0,1,1,0,1,0,0,0,0,0,0,1
2025/5/3,15,0,0,0,0,0,0,0,0,0,0,0,0,0,0,0,0,0,0,0,0
2025/5/3,16,0,0,0,0,0,0,0,0,0,0,0,0,0,0,0,0,0,0,0,0
2025/5/3,17,1,0,0,0,1,0,0,0,0,1,0,0,1,0,0,0,0,0,0,0
2025/5/3,18,0,0,0,0,0,0,0,0,0,0,0,0,0,0,0,0,0,0,0,0
2025/5/3,19,1,0,0,0,0,1,0,0,0,1,0,0,1,0,0,0,0,0,0,0
2025/5/3,20,1,0,0,0,0,1,0,0,0,0,1,0,0,0,0,0,0,1,0,0
2025/5/3,21,0,0,0,0,0,0,0,0,0,0,0,0,0,0,0,0,0,0,0,0
2025/5/3,22,2,0,0,1,1,0,0,0,0,0,2,0,0,0,0,1,0,0,1,0
2025/5/3,23,6,0,1,1,1,3,0,0,0,1,5,0,0,0,0,1,3,0,2,0
2025/5/3,24,3,0,0,1,0,2,0,0,0,0,3,0,1,0,1,0,0,1,0,0
2025/5/3,25,0,0,0,0,0,0,0,0,0,0,0,0,0,0,0,0,0,0,0,0
2025/5/3,26,2,0,0,0,0,2,0,0,0,0,2,0,0,0,0,0,0,0,2,0
2025/5/3,27,4,0,0,1,0,3,0,0,0,0,4,0,0,0,0,0,0,1,2,1
2025/5/3,28,1,0,0,0,1,0,0,0,0,0,1,0,0,0,0,0,0,0,0,1
2025/5/3,29,3,0,0,0,1,2,0,0,0,1,2,0,2,0,0,0,1,0,0,0
2025/5/3,30,0,0,0,0,0,0,0,0,0,0,0,0,0,0,0,0,0,0,0,0
2025/5/3,31,0,0,0,0,0,0,0,0,0,0,0,0,0,0,0,0,0,0,0,0
2025/5/3,32,0,0,0,0,0,0,0,0,0,0,0,0,0,0,0,0,0,0,0,0
2025/5/3,33,2,0,0,1,0,1,0,0,1,0,1,0,1,0,0,1,0,0,0,0
2025/5/3,34,1,0,0,0,1,0,0,0,0,1,0,0,1,0,0,0,0,0,0,0
2025/5/3,35,0,0,0,0,0,0,0,0,0,0,0,0,0,0,0,0,0,0,0,0
2025/5/3,36,0,0,0,0,0,0,0,0,0,0,0,0,0,0,0,0,0,0,0,0
2025/5/3,37,1,0,0,0,0,1,0,0,0,0,1,0,0,0,0,0,0,1,0,0
2025/5/3,38,0,0,0,0,0,0,0,0,0,0,0,0,0,0,0,0,0,0,0,0
2025/5/3,39,0,0,0,0,0,0,0,0,0,0,0,0,0,0,0,0,0,0,0,0
2025/5/3,40,2,0,0,1,0,1,0,0,0,0,2,0,1,0,0,0,0,1,0,0
2025/5/3,41,1,0,0,0,1,0,0,0,0,0,1,0,0,0,0,0,0,1,0,0
2025/5/3,42,0,0,0,0,0,0,0,0,0,0,0,0,0,0,0,0,0,0,0,0
2025/5/3,43,0,0,0,0,0,0,0,0,0,0,0,0,0,0,0,0,0,0,0,0
2025/5/3,44,1,0,0,0,1,0,0,0,0,0,1,0,0,0,0,0,1,0,0,0
2025/5/3,45,2,0,0,0,1,1,0,0,0,0,2,0,0,0,0,0,0,1,0,1
2025/5/3,46,0,0,0,0,0,0,0,0,0,0,0,0,0,0,0,0,0,0,0,0
2025/5/3,47,1,0,0,0,1,0,0,0,0,0,1,0,0,0,0,0,0,1,0,0
2025/5/4,1,0,0,0,0,0,0,0,0,0,0,0,0,0,0,0,0,0,0,0,0
2025/5/4,2,0,0,0,0,0,0,0,0,0,0,0,0,0,0,0,0,0,0,0,0
2025/5/4,3,0,0,0,0,0,0,0,0,0,0,0,0,0,0,0,0,0,0,0,0
2025/5/4,4,0,0,0,0,0,0,0,0,0,0,0,0,0,0,0,0,0,0,0,0
2025/5/4,5,0,0,0,0,0,0,0,0,0,0,0,0,0,0,0,0,0,0,0,0
2025/5/4,6,0,0,0,0,0,0,0,0,0,0,0,0,0,0,0,0,0,0,0,0
2025/5/4,7,0,0,0,0,0,0,0,0,0,0,0,0,0,0,0,0,0,0,0,0
2025/5/4,8,2,0,0,0,1,1,0,0,1,1,0,0,2,0,0,0,0,0,0,0
2025/5/4,9,2,0,0,1,0,1,0,0,0,1,1,0,1,0,0,0,1,0,0,0
2025/5/4,10,0,0,0,0,0,0,0,0,0,0,0,0,0,0,0,0,0,0,0,0
2025/5/4,11,7,0,0,0,6,1,0,0,0,2,5,0,1,0,0,0,2,3,1,0
2025/5/4,12,0,0,0,0,0,0,0,0,0,0,0,0,0,0,0,0,0,0,0,0
2025/5/4,13,3,0,0,1,1,1,0,0,0,0,3,0,0,0,0,0,1,2,0,0
2025/5/4,14,6,0,0,4,0,2,0,0,0,2,4,0,1,1,0,2,0,0,2,0
2025/5/4,15,0,0,0,0,0,0,0,0,0,0,0,0,0,0,0,0,0,0,0,0
2025/5/4,16,0,0,0,0,0,0,0,0,0,0,0,0,0,0,0,0,0,0,0,0
2025/5/4,17,0,0,0,0,0,0,0,0,0,0,0,0,0,0,0,0,0,0,0,0
2025/5/4,18,0,0,0,0,0,0,0,0,0,0,0,0,0,0,0,0,0,0,0,0
2025/5/4,19,3,0,0,2,0,1,0,0,0,1,2,0,1,0,0,1,0,1,0,0
2025/5/4,20,2,0,1,0,0,1,0,0,0,1,1,0,1,0,0,0,0,0,1,0
2025/5/4,21,1,0,0,0,0,1,0,0,0,1,0,0,1,0,0,0,0,0,0,0
2025/5/4,22,4,0,0,1,1,2,0,0,0,1,3,0,0,0,1,0,0,3,0,0
2025/5/4,23,5,0,0,0,1,4,0,0,0,0,5,0,3,0,0,0,0,0,0,2
2025/5/4,24,0,0,0,0,0,0,0,0,0,0,0,0,0,0,0,0,0,0,0,0
2025/5/4,25,1,0,0,1,0,0,0,0,0,0,1,0,0,0,0,0,1,0,0,0
2025/5/4,26,2,0,0,0,0,2,0,0,0,0,2,0,0,0,0,0,0,0,0,2
2025/5/4,27,1,0,1,0,0,0,0,0,0,0,1,0,0,0,0,1,0,0,0,0
2025/5/4,28,2,0,0,0,0,2,0,0,0,0,2,0,2,0,0,0,0,0,0,0
2025/5/4,29,1,0,0,0,0,1,0,0,1,0,0,0,0,0,0,0,1,0,0,0
2025/5/4,30,0,0,0,0,0,0,0,0,0,0,0,0,0,0,0,0,0,0,0,0
2025/5/4,31,1,0,0,0,0,1,0,0,0,1,0,0,0,0,0,0,0,1,0,0
2025/5/4,32,2,0,0,0,0,2,0,0,0,1,1,0,2,0,0,0,0,0,0,0
2025/5/4,33,2,0,0,1,0,1,0,0,0,2,0,0,2,0,0,0,0,0,0,0
2025/5/4,34,1,0,0,0,0,1,0,0,0,0,1,0,0,0,0,0,0,1,0,0
2025/5/4,35,3,0,0,1,0,2,0,0,0,1,2,0,0,0,0,0,0,0,2,1
2025/5/4,36,0,0,0,0,0,0,0,0,0,0,0,0,0,0,0,0,0,0,0,0
2025/5/4,37,0,0,0,0,0,0,0,0,0,0,0,0,0,0,0,0,0,0,0,0
2025/5/4,38,1,0,0,1,0,0,0,0,0,0,1,0,0,0,0,0,0,1,0,0
2025/5/4,39,1,0,0,1,0,0,0,0,0,0,1,0,0,0,0,0,0,1,0,0
2025/5/4,40,0,0,0,0,0,0,0,0,0,0,0,0,0,0,0,0,0,0,0,0
2025/5/4,41,1,0,0,0,1,0,0,0,0,0,1,0,1,0,0,0,0,0,0,0
2025/5/4,42,1,0,0,0,1,0,0,0,0,0,1,0,0,0,0,0,0,0,1,0
2025/5/4,43,1,0,0,0,0,1,0,0,0,1,0,0,0,0,0,0,0,1,0,0
2025/5/4,44,0,0,0,0,0,0,0,0,0,0,0,0,0,0,0,0,0,0,0,0
2025/5/4,45,1,0,0,0,1,0,0,0,0,0,1,0,0,0,1,0,0,0,0,0
2025/5/4,46,2,0,0,1,1,0,0,0,0,0,2,0,0,0,0,0,0,2,0,0
2025/5/4,47,5,0,0,0,3,2,0,0,0,0,5,0,0,0,0,0,2,1,0,2
2025/5/5,1,1,0,0,1,0,0,0,0,0,0,1,0,0,0,0,1,0,0,0,0
2025/5/5,2,0,0,0,0,0,0,0,0,0,0,0,0,0,0,0,0,0,0,0,0
2025/5/5,3,1,0,0,0,1,0,0,0,0,0,1,0,1,0,0,0,0,0,0,0
2025/5/5,4,1,0,0,0,0,1,0,0,0,0,1,0,0,1,0,0,0,0,0,0
2025/5/5,5,0,0,0,0,0,0,0,0,0,0,0,0,0,0,0,0,0,0,0,0
2025/5/5,6,1,0,0,0,0,1,0,0,0,1,0,0,1,0,0,0,0,0,0,0
2025/5/5,7,2,0,0,0,0,2,0,0,0,0,2,0,2,0,0,0,0,0,0,0
2025/5/5,8,2,0,0,1,0,1,0,0,0,0,2,0,0,1,0,0,0,0,0,1
2025/5/5,9,1,0,0,0,1,0,0,0,0,0,1,0,0,0,0,0,1,0,0,0
2025/5/5,10,1,0,0,0,1,0,0,0,0,1,0,0,0,0,0,0,0,1,0,0
2025/5/5,11,0,0,0,0,0,0,0,0,0,0,0,0,0,0,0,0,0,0,0,0
2025/5/5,12,2,0,0,0,1,1,0,0,0,1,1,0,0,0,0,0,0,2,0,0
2025/5/5,13,3,0,0,0,1,2,0,0,0,2,1,0,1,0,0,0,0,1,1,0
2025/5/5,14,1,0,0,0,1,0,0,0,0,0,1,0,1,0,0,0,0,0,0,0
2025/5/5,15,0,0,0,0,0,0,0,0,0,0,0,0,0,0,0,0,0,0,0,0
2025/5/5,16,0,0,0,0,0,0,0,0,0,0,0,0,0,0,0,0,0,0,0,0
2025/5/5,17,1,0,0,0,0,1,0,0,0,0,1,0,0,0,0,0,0,1,0,0
2025/5/5,18,1,0,0,0,0,1,0,0,0,1,0,0,1,0,0,0,0,0,0,0
2025/5/5,19,2,0,0,0,0,2,0,0,0,0,2,0,2,0,0,0,0,0,0,0
2025/5/5,20,0,0,0,0,0,0,0,0,0,0,0,0,0,0,0,0,0,0,0,0
2025/5/5,21,1,0,0,0,1,0,0,0,0,1,0,0,1,0,0,0,0,0,0,0
2025/5/5,22,1,0,1,0,0,0,0,0,0,1,0,0,0,0,0,0,0,1,0,0
2025/5/5,23,3,0,0,0,0,3,0,0,0,2,1,0,2,0,0,0,0,0,1,0
2025/5/5,24,0,0,0,0,0,0,0,0,0,0,0,0,0,0,0,0,0,0,0,0
2025/5/5,25,2,0,0,0,1,1,0,0,0,0,2,0,0,0,0,1,0,1,0,0
2025/5/5,26,5,0,1,2,0,2,0,0,0,1,4,0,1,0,1,0,0,2,1,0
2025/5/5,27,4,0,0,1,0,3,0,0,0,0,4,0,1,0,0,1,0,1,1,0
2025/5/5,28,5,0,0,2,2,1,0,0,0,0,5,0,0,0,0,0,1,4,0,0
2025/5/5,29,1,0,0,0,0,1,0,0,0,0,1,0,0,0,0,0,0,0,0,1
2025/5/5,30,1,0,0,0,0,1,0,0,0,0,1,0,0,0,1,0,0,0,0,0
2025/5/5,31,0,0,0,0,0,0,0,0,0,0,0,0,0,0,0,0,0,0,0,0
2025/5/5,32,0,0,0,0,0,0,0,0,0,0,0,0,0,0,0,0,0,0,0,0
2025/5/5,33,4,0,0,1,0,3,0,0,0,0,4,0,0,1,0,1,0,1,0,1
2025/5/5,34,2,0,0,1,0,1,0,0,0,0,2,0,1,0,0,1,0,0,0,0
2025/5/5,35,0,0,0,0,0,0,0,0,0,0,0,0,0,0,0,0,0,0,0,0
2025/5/5,36,0,0,0,0,0,0,0,0,0,0,0,0,0,0,0,0,0,0,0,0
2025/5/5,37,0,0,0,0,0,0,0,0,0,0,0,0,0,0,0,0,0,0,0,0
2025/5/5,38,1,0,0,0,0,1,0,0,0,0,1,0,0,0,0,0,1,0,0,0
2025/5/5,39,0,0,0,0,0,0,0,0,0,0,0,0,0,0,0,0,0,0,0,0
2025/5/5,40,1,0,0,0,0,1,0,0,0,1,0,0,1,0,0,0,0,0,0,0
2025/5/5,41,1,0,0,0,0,1,0,0,0,0,1,0,0,0,0,0,1,0,0,0
2025/5/5,42,0,0,0,0,0,0,0,0,0,0,0,0,0,0,0,0,0,0,0,0
2025/5/5,43,0,0,0,0,0,0,0,0,0,0,0,0,0,0,0,0,0,0,0,0
2025/5/5,44,2,0,0,0,0,2,0,0,0,2,0,0,0,0,0,0,0,1,0,1
2025/5/5,45,1,0,0,0,0,1,0,0,0,0,1,0,1,0,0,0,0,0,0,0
2025/5/5,46,1,0,0,1,0,0,0,0,0,0,1,0,0,0,0,0,0,1,0,0
2025/5/5,47,1,0,0,1,0,0,0,0,0,0,1,0,0,0,0,0,1,0,0,0
2025/5/6,1,0,0,0,0,0,0,0,0,0,0,0,0,0,0,0,0,0,0,0,0
2025/5/6,2,0,0,0,0,0,0,0,0,0,0,0,0,0,0,0,0,0,0,0,0
2025/5/6,3,0,0,0,0,0,0,0,0,0,0,0,0,0,0,0,0,0,0,0,0
2025/5/6,4,0,0,0,0,0,0,0,0,0,0,0,0,0,0,0,0,0,0,0,0
2025/5/6,5,0,0,0,0,0,0,0,0,0,0,0,0,0,0,0,0,0,0,0,0
2025/5/6,6,1,0,0,0,0,1,0,0,0,1,0,0,1,0,0,0,0,0,0,0
2025/5/6,7,0,0,0,0,0,0,0,0,0,0,0,0,0,0,0,0,0,0,0,0
2025/5/6,8,0,0,0,0,0,0,0,0,0,0,0,0,0,0,0,0,0,0,0,0
2025/5/6,9,0,0,0,0,0,0,0,0,0,0,0,0,0,0,0,0,0,0,0,0
2025/5/6,10,0,0,0,0,0,0,0,0,0,0,0,0,0,0,0,0,0,0,0,0
2025/5/6,11,0,0,0,0,0,0,0,0,0,0,0,0,0,0,0,0,0,0,0,0
2025/5/6,12,0,0,0,0,0,0,0,0,0,0,0,0,0,0,0,0,0,0,0,0
2025/5/6,13,0,0,0,0,0,0,0,0,0,0,0,0,0,0,0,0,0,0,0,0
2025/5/6,14,0,0,0,0,0,0,0,0,0,0,0,0,0,0,0,0,0,0,0,0
2025/5/6,15,0,0,0,0,0,0,0,0,0,0,0,0,0,0,0,0,0,0,0,0
2025/5/6,16,0,0,0,0,0,0,0,0,0,0,0,0,0,0,0,0,0,0,0,0
2025/5/6,17,0,0,0,0,0,0,0,0,0,0,0,0,0,0,0,0,0,0,0,0
2025/5/6,18,0,0,0,0,0,0,0,0,0,0,0,0,0,0,0,0,0,0,0,0
2025/5/6,19,0,0,0,0,0,0,0,0,0,0,0,0,0,0,0,0,0,0,0,0
2025/5/6,20,0,0,0,0,0,0,0,0,0,0,0,0,0,0,0,0,0,0,0,0
2025/5/6,21,0,0,0,0,0,0,0,0,0,0,0,0,0,0,0,0,0,0,0,0
2025/5/6,22,0,0,0,0,0,0,0,0,0,0,0,0,0,0,0,0,0,0,0,0
2025/5/6,23,0,0,0,0,0,0,0,0,0,0,0,0,0,0,0,0,0,0,0,0
2025/5/6,24,1,0,0,0,0,1,0,0,0,0,1,0,1,0,0,0,0,0,0,0
2025/5/6,25,0,0,0,0,0,0,0,0,0,0,0,0,0,0,0,0,0,0,0,0
2025/5/6,26,0,0,0,0,0,0,0,0,0,0,0,0,0,0,0,0,0,0,0,0
2025/5/6,27,1,0,0,0,0,1,0,0,0,0,1,0,1,0,0,0,0,0,0,0
2025/5/6,28,0,0,0,0,0,0,0,0,0,0,0,0,0,0,0,0,0,0,0,0
2025/5/6,29,0,0,0,0,0,0,0,0,0,0,0,0,0,0,0,0,0,0,0,0
2025/5/6,30,0,0,0,0,0,0,0,0,0,0,0,0,0,0,0,0,0,0,0,0
2025/5/6,31,0,0,0,0,0,0,0,0,0,0,0,0,0,0,0,0,0,0,0,0
2025/5/6,32,0,0,0,0,0,0,0,0,0,0,0,0,0,0,0,0,0,0,0,0
2025/5/6,33,0,0,0,0,0,0,0,0,0,0,0,0,0,0,0,0,0,0,0,0
2025/5/6,34,0,0,0,0,0,0,0,0,0,0,0,0,0,0,0,0,0,0,0,0
2025/5/6,35,0,0,0,0,0,0,0,0,0,0,0,0,0,0,0,0,0,0,0,0
2025/5/6,36,0,0,0,0,0,0,0,0,0,0,0,0,0,0,0,0,0,0,0,0
2025/5/6,37,0,0,0,0,0,0,0,0,0,0,0,0,0,0,0,0,0,0,0,0
2025/5/6,38,0,0,0,0,0,0,0,0,0,0,0,0,0,0,0,0,0,0,0,0
2025/5/6,39,0,0,0,0,0,0,0,0,0,0,0,0,0,0,0,0,0,0,0,0
2025/5/6,40,1,0,0,0,0,1,0,0,0,1,0,0,1,0,0,0,0,0,0,0
2025/5/6,41,0,0,0,0,0,0,0,0,0,0,0,0,0,0,0,0,0,0,0,0
2025/5/6,42,0,0,0,0,0,0,0,0,0,0,0,0,0,0,0,0,0,0,0,0
2025/5/6,43,1,0,0,1,0,0,0,0,0,0,1,0,0,0,0,1,0,0,0,0
2025/5/6,44,0,0,0,0,0,0,0,0,0,0,0,0,0,0,0,0,0,0,0,0
2025/5/6,45,0,0,0,0,0,0,0,0,0,0,0,0,0,0,0,0,0,0,0,0
2025/5/6,46,0,0,0,0,0,0,0,0,0,0,0,0,0,0,0,0,0,0,0,0
2025/5/6,47,1,0,0,0,1,0,0,0,0,0,1,0,0,0,0,0,0,0,1,0
2025/5/7,1,0,0,0,0,0,0,0,0,0,0,0,0,0,0,0,0,0,0,0,0
2025/5/7,2,0,0,0,0,0,0,0,0,0,0,0,0,0,0,0,0,0,0,0,0
2025/5/7,3,0,0,0,0,0,0,0,0,0,0,0,0,0,0,0,0,0,0,0,0
2025/5/7,4,1,0,0,0,0,1,0,0,0,1,0,0,0,1,0,0,0,0,0,0
2025/5/7,5,0,0,0,0,0,0,0,0,0,0,0,0,0,0,0,0,0,0,0,0
2025/5/7,6,0,0,0,0,0,0,0,0,0,0,0,0,0,0,0,0,0,0,0,0
2025/5/7,7,0,0,0,0,0,0,0,0,0,0,0,0,0,0,0,0,0,0,0,0
2025/5/7,8,0,0,0,0,0,0,0,0,0,0,0,0,0,0,0,0,0,0,0,0
2025/5/7,9,0,0,0,0,0,0,0,0,0,0,0,0,0,0,0,0,0,0,0,0
2025/5/7,10,0,0,0,0,0,0,0,0,0,0,0,0,0,0,0,0,0,0,0,0
2025/5/7,11,0,0,0,0,0,0,0,0,0,0,0,0,0,0,0,0,0,0,0,0
2025/5/7,12,2,0,0,0,2,0,0,0,0,1,1,0,0,1,0,1,0,0,0,0
2025/5/7,13,3,0,0,0,2,1,0,0,0,2,1,0,0,0,0,0,0,1,2,0
2025/5/7,14,6,0,0,0,0,6,0,0,0,1,5,0,1,0,0,0,0,0,5,0
2025/5/7,15,0,0,0,0,0,0,0,0,0,0,0,0,0,0,0,0,0,0,0,0
2025/5/7,16,0,0,0,0,0,0,0,0,0,0,0,0,0,0,0,0,0,0,0,0
2025/5/7,17,0,0,0,0,0,0,0,0,0,0,0,0,0,0,0,0,0,0,0,0
2025/5/7,18,0,0,0,0,0,0,0,0,0,0,0,0,0,0,0,0,0,0,0,0
2025/5/7,19,0,0,0,0,0,0,0,0,0,0,0,0,0,0,0,0,0,0,0,0
2025/5/7,20,0,0,0,0,0,0,0,0,0,0,0,0,0,0,0,0,0,0,0,0
2025/5/7,21,0,0,0,0,0,0,0,0,0,0,0,0,0,0,0,0,0,0,0,0
2025/5/7,22,1,0,0,0,1,0,0,0,0,0,1,0,1,0,0,0,0,0,0,0
2025/5/7,23,1,0,0,0,0,1,0,0,0,0,1,0,0,0,0,0,0,0,1,0
2025/5/7,24,0,0,0,0,0,0,0,0,0,0,0,0,0,0,0,0,0,0,0,0
2025/5/7,25,0,0,0,0,0,0,0,0,0,0,0,0,0,0,0,0,0,0,0,0
2025/5/7,26,0,0,0,0,0,0,0,0,0,0,0,0,0,0,0,0,0,0,0,0
2025/5/7,27,3,0,2,0,0,1,0,0,0,0,3,0,1,0,0,0,0,0,0,2
2025/5/7,28,1,0,0,0,1,0,0,0,0,0,1,0,0,1,0,0,0,0,0,0
2025/5/7,29,0,0,0,0,0,0,0,0,0,0,0,0,0,0,0,0,0,0,0,0
2025/5/7,30,0,0,0,0,0,0,0,0,0,0,0,0,0,0,0,0,0,0,0,0
2025/5/7,31,0,0,0,0,0,0,0,0,0,0,0,0,0,0,0,0,0,0,0,0
2025/5/7,32,0,0,0,0,0,0,0,0,0,0,0,0,0,0,0,0,0,0,0,0
2025/5/7,33,0,0,0,0,0,0,0,0,0,0,0,0,0,0,0,0,0,0,0,0
2025/5/7,34,2,0,0,0,1,1,0,0,0,0,2,0,1,0,0,0,0,0,1,0
2025/5/7,35,0,0,0,0,0,0,0,0,0,0,0,0,0,0,0,0,0,0,0,0
2025/5/7,36,0,0,0,0,0,0,0,0,0,0,0,0,0,0,0,0,0,0,0,0
2025/5/7,37,1,0,0,0,1,0,0,0,0,0,1,0,0,0,0,1,0,0,0,0
2025/5/7,38,1,0,0,0,0,1,0,0,0,1,0,0,1,0,0,0,0,0,0,0
2025/5/7,39,0,0,0,0,0,0,0,0,0,0,0,0,0,0,0,0,0,0,0,0
2025/5/7,40,0,0,0,0,0,0,0,0,0,0,0,0,0,0,0,0,0,0,0,0
2025/5/7,41,1,0,0,0,0,1,0,0,0,0,1,0,0,0,0,0,0,0,0,1
2025/5/7,42,2,0,0,0,0,2,0,0,0,1,1,0,0,0,0,0,0,0,1,1
2025/5/7,43,3,0,0,0,1,2,0,0,0,2,1,0,1,1,0,0,0,1,0,0
2025/5/7,44,1,0,0,0,0,1,0,0,0,1,0,0,0,0,0,0,0,0,0,1
2025/5/7,45,0,0,0,0,0,0,0,0,0,0,0,0,0,0,0,0,0,0,0,0
2025/5/7,46,2,0,0,0,1,1,0,0,0,1,1,0,0,1,0,0,0,0,1,0
2025/5/7,47,0,0,0,0,0,0,0,0,0,0,0,0,0,0,0,0,0,0,0,0
2025/5/8,1,0,0,0,0,0,0,0,0,0,0,0,0,0,0,0,0,0,0,0,0
2025/5/8,2,0,0,0,0,0,0,0,0,0,0,0,0,0,0,0,0,0,0,0,0
2025/5/8,3,0,0,0,0,0,0,0,0,0,0,0,0,0,0,0,0,0,0,0,0
2025/5/8,4,1,0,0,0,0,1,0,0,0,0,1,0,0,0,0,0,0,0,1,0
2025/5/8,5,0,0,0,0,0,0,0,0,0,0,0,0,0,0,0,0,0,0,0,0
2025/5/8,6,0,0,0,0,0,0,0,0,0,0,0,0,0,0,0,0,0,0,0,0
2025/5/8,7,1,0,0,0,0,1,0,0,1,0,0,0,1,0,0,0,0,0,0,0
2025/5/8,8,1,0,0,0,1,0,0,0,0,1,0,0,0,1,0,0,0,0,0,0
2025/5/8,9,0,0,0,0,0,0,0,0,0,0,0,0,0,0,0,0,0,0,0,0
2025/5/8,10,1,0,0,0,1,0,0,0,0,0,1,0,0,1,0,0,0,0,0,0
2025/5/8,11,5,0,0,0,3,2,0,0,0,1,4,0,0,2,0,0,1,1,0,1
2025/5/8,12,0,0,0,0,0,0,0,0,0,0,0,0,0,0,0,0,0,0,0,0
2025/5/8,13,5,0,0,1,0,4,0,0,0,1,4,0,0,0,0,1,0,0,4,0
2025/5/8,14,2,0,0,0,1,1,0,0,0,0,2,0,0,1,0,0,0,0,1,0
2025/5/8,15,0,0,0,0,0,0,0,0,0,0,0,0,0,0,0,0,0,0,0,0
2025/5/8,16,0,0,0,0,0,0,0,0,0,0,0,0,0,0,0,0,0,0,0,0
2025/5/8,17,1,0,0,0,0,1,0,0,0,1,0,0,0,0,0,0,0,0,1,0
2025/5/8,18,0,0,0,0,0,0,0,0,0,0,0,0,0,0,0,0,0,0,0,0
2025/5/8,19,0,0,0,0,0,0,0,0,0,0,0,0,0,0,0,0,0,0,0,0
2025/5/8,20,1,0,0,0,1,0,0,0,0,0,1,0,1,0,0,0,0,0,0,0
2025/5/8,21,1,0,0,0,1,0,0,0,0,0,1,0,0,0,0,0,0,0,1,0
2025/5/8,22,0,0,0,0,0,0,0,0,0,0,0,0,0,0,0,0,0,0,0,0
2025/5/8,23,3,0,0,0,2,1,0,0,0,0,3,0,2,1,0,0,0,0,0,0
2025/5/8,24,1,0,0,0,0,1,0,0,0,0,1,0,0,0,0,0,0,0,1,0
2025/5/8,25,0,0,0,0,0,0,0,0,0,0,0,0,0,0,0,0,0,0,0,0
2025/5/8,26,2,0,0,0,1,1,0,0,0,0,2,0,0,1,0,0,0,1,0,0
2025/5/8,27,6,0,0,0,1,5,0,0,0,1,5,0,0,0,0,0,2,0,4,0
2025/5/8,28,3,0,0,0,0,3,0,0,0,1,2,0,1,0,0,0,0,0,2,0
2025/5/8,29,1,0,0,1,0,0,0,0,0,0,1,0,0,0,0,0,0,1,0,0
2025/5/8,30,1,0,0,0,0,1,0,0,0,0,1,0,0,0,0,0,0,0,1,0
2025/5/8,31,1,0,0,0,0,1,0,0,0,1,0,0,1,0,0,0,0,0,0,0
2025/5/8,32,0,0,0,0,0,0,0,0,0,0,0,0,0,0,0,0,0,0,0,0
2025/5/8,33,3,0,0,0,1,2,0,0,0,1,2,0,1,0,1,0,0,0,1,0
2025/5/8,34,0,0,0,0,0,0,0,0,0,0,0,0,0,0,0,0,0,0,0,0
2025/5/8,35,0,0,0,0,0,0,0,0,0,0,0,0,0,0,0,0,0,0,0,0
2025/5/8,36,0,0,0,0,0,0,0,0,0,0,0,0,0,0,0,0,0,0,0,0
2025/5/8,37,1,0,0,0,0,1,0,0,0,0,1,0,1,0,0,0,0,0,0,0
2025/5/8,38,2,0,0,0,1,1,0,0,0,0,2,0,1,0,0,0,0,0,0,1
2025/5/8,39,2,0,0,0,0,2,0,0,0,0,2,0,0,0,1,0,0,1,0,0
2025/5/8,40,4,0,0,1,2,1,0,0,0,3,1,0,1,2,0,1,0,0,0,0
2025/5/8,41,0,0,0,0,0,0,0,0,0,0,0,0,0,0,0,0,0,0,0,0
2025/5/8,42,1,0,0,0,0,1,0,0,0,1,0,0,1,0,0,0,0,0,0,0
2025/5/8,43,5,0,0,1,0,4,0,0,0,2,3,0,3,0,0,0,0,1,1,0
2025/5/8,44,1,0,0,0,0,1,0,0,0,1,0,0,0,0,0,0,0,0,0,1
2025/5/8,45,2,0,0,0,0,2,0,0,0,1,0,1,1,0,1,0,0,0,0,0
2025/5/8,46,1,0,0,0,0,1,0,0,0,1,0,0,0,0,0,0,0,1,0,0
2025/5/8,47,0,0,0,0,0,0,0,0,0,0,0,0,0,0,0,0,0,0,0,0
2025/5/9,1,1,0,0,0,0,1,0,0,0,1,0,0,1,0,0,0,0,0,0,0
2025/5/9,2,0,0,0,0,0,0,0,0,0,0,0,0,0,0,0,0,0,0,0,0
2025/5/9,3,0,0,0,0,0,0,0,0,0,0,0,0,0,0,0,0,0,0,0,0
2025/5/9,4,0,0,0,0,0,0,0,0,0,0,0,0,0,0,0,0,0,0,0,0
2025/5/9,5,1,0,0,1,0,0,0,0,0,0,1,0,0,0,0,1,0,0,0,0
2025/5/9,6,0,0,0,0,0,0,0,0,0,0,0,0,0,0,0,0,0,0,0,0
2025/5/9,7,1,0,0,0,0,1,0,0,0,1,0,0,0,0,1,0,0,0,0,0
2025/5/9,8,0,0,0,0,0,0,0,0,0,0,0,0,0,0,0,0,0,0,0,0
2025/5/9,9,0,0,0,0,0,0,0,0,0,0,0,0,0,0,0,0,0,0,0,0
2025/5/9,10,1,0,0,0,1,0,0,0,0,0,1,0,0,0,0,0,0,0,0,1
2025/5/9,11,0,0,0,0,0,0,0,0,0,0,0,0,0,0,0,0,0,0,0,0
2025/5/9,12,0,0,0,0,0,0,0,0,0,0,0,0,0,0,0,0,0,0,0,0
2025/5/9,13,0,0,0,0,0,0,0,0,0,0,0,0,0,0,0,0,0,0,0,0
2025/5/9,14,0,0,0,0,0,0,0,0,0,0,0,0,0,0,0,0,0,0,0,0
2025/5/9,15,0,0,0,0,0,0,0,0,0,0,0,0,0,0,0,0,0,0,0,0
2025/5/9,16,0,0,0,0,0,0,0,0,0,0,0,0,0,0,0,0,0,0,0,0
2025/5/9,17,0,0,0,0,0,0,0,0,0,0,0,0,0,0,0,0,0,0,0,0
2025/5/9,18,0,0,0,0,0,0,0,0,0,0,0,0,0,0,0,0,0,0,0,0
2025/5/9,19,0,0,0,0,0,0,0,0,0,0,0,0,0,0,0,0,0,0,0,0
2025/5/9,20,0,0,0,0,0,0,0,0,0,0,0,0,0,0,0,0,0,0,0,0
2025/5/9,21,0,0,0,0,0,0,0,0,0,0,0,0,0,0,0,0,0,0,0,0
2025/5/9,22,0,0,0,0,0,0,0,0,0,0,0,0,0,0,0,0,0,0,0,0
2025/5/9,23,0,0,0,0,0,0,0,0,0,0,0,0,0,0,0,0,0,0,0,0
2025/5/9,24,0,0,0,0,0,0,0,0,0,0,0,0,0,0,0,0,0,0,0,0
2025/5/9,25,0,0,0,0,0,0,0,0,0,0,0,0,0,0,0,0,0,0,0,0
2025/5/9,26,0,0,0,0,0,0,0,0,0,0,0,0,0,0,0,0,0,0,0,0
2025/5/9,27,2,0,0,0,1,1,0,0,0,0,2,0,0,1,0,0,0,0,1,0
2025/5/9,28,0,0,0,0,0,0,0,0,0,0,0,0,0,0,0,0,0,0,0,0
2025/5/9,29,0,0,0,0,0,0,0,0,0,0,0,0,0,0,0,0,0,0,0,0
2025/5/9,30,1,0,0,0,0,1,0,0,0,1,0,0,1,0,0,0,0,0,0,0
2025/5/9,31,2,0,0,1,0,1,0,0,0,1,1,0,0,0,0,1,1,0,0,0
2025/5/9,32,0,0,0,0,0,0,0,0,0,0,0,0,0,0,0,0,0,0,0,0
2025/5/9,33,0,0,0,0,0,0,0,0,0,0,0,0,0,0,0,0,0,0,0,0
2025/5/9,34,1,0,0,0,0,1,0,0,0,0,1,0,0,0,0,0,0,0,1,0
2025/5/9,35,0,0,0,0,0,0,0,0,0,0,0,0,0,0,0,0,0,0,0,0
2025/5/9,36,0,0,0,0,0,0,0,0,0,0,0,0,0,0,0,0,0,0,0,0
2025/5/9,37,0,0,0,0,0,0,0,0,0,0,0,0,0,0,0,0,0,0,0,0
2025/5/9,38,0,0,0,0,0,0,0,0,0,0,0,0,0,0,0,0,0,0,0,0
2025/5/9,39,0,0,0,0,0,0,0,0,0,0,0,0,0,0,0,0,0,0,0,0
2025/5/9,40,0,0,0,0,0,0,0,0,0,0,0,0,0,0,0,0,0,0,0,0
2025/5/9,41,0,0,0,0,0,0,0,0,0,0,0,0,0,0,0,0,0,0,0,0
2025/5/9,42,0,0,0,0,0,0,0,0,0,0,0,0,0,0,0,0,0,0,0,0
2025/5/9,43,0,0,0,0,0,0,0,0,0,0,0,0,0,0,0,0,0,0,0,0
2025/5/9,44,0,0,0,0,0,0,0,0,0,0,0,0,0,0,0,0,0,0,0,0
2025/5/9,45,0,0,0,0,0,0,0,0,0,0,0,0,0,0,0,0,0,0,0,0
2025/5/9,46,0,0,0,0,0,0,0,0,0,0,0,0,0,0,0,0,0,0,0,0
2025/5/9,47,3,0,0,1,2,0,0,0,0,0,3,0,1,1,0,1,0,0,0,0
2025/5/10,1,0,0,0,0,0,0,0,0,0,0,0,0,0,0,0,0,0,0,0,0
2025/5/10,2,0,0,0,0,0,0,0,0,0,0,0,0,0,0,0,0,0,0,0,0
2025/5/10,3,1,0,0,0,0,1,0,0,0,0,1,0,1,0,0,0,0,0,0,0
2025/5/10,4,0,0,0,0,0,0,0,0,0,0,0,0,0,0,0,0,0,0,0,0
2025/5/10,5,0,0,0,0,0,0,0,0,0,0,0,0,0,0,0,0,0,0,0,0
2025/5/10,6,1,0,0,1,0,0,0,0,0,0,1,0,0,0,0,0,0,1,0,0
2025/5/10,7,1,0,0,0,1,0,0,0,0,1,0,0,0,1,0,0,0,0,0,0
2025/5/10,8,0,0,0,0,0,0,0,0,0,0,0,0,0,0,0,0,0,0,0,0
2025/5/10,9,0,0,0,0,0,0,0,0,0,0,0,0,0,0,0,0,0,0,0,0
2025/5/10,10,0,0,0,0,0,0,0,0,0,0,0,0,0,0,0,0,0,0,0,0
2025/5/10,11,0,0,0,0,0,0,0,0,0,0,0,0,0,0,0,0,0,0,0,0
2025/5/10,12,0,0,0,0,0,0,0,0,0,0,0,0,0,0,0,0,0,0,0,0
2025/5/10,13,1,0,0,0,0,1,0,0,0,0,1,0,0,0,0,0,0,1,0,0
2025/5/10,14,0,0,0,0,0,0,0,0,0,0,0,0,0,0,0,0,0,0,0,0
2025/5/10,15,0,0,0,0,0,0,0,0,0,0,0,0,0,0,0,0,0,0,0,0
2025/5/10,16,1,0,0,0,0,1,0,0,0,0,1,0,0,0,0,0,0,1,0,0
2025/5/10,17,0,0,0,0,0,0,0,0,0,0,0,0,0,0,0,0,0,0,0,0
2025/5/10,18,0,0,0,0,0,0,0,0,0,0,0,0,0,0,0,0,0,0,0,0
2025/5/10,19,0,0,0,0,0,0,0,0,0,0,0,0,0,0,0,0,0,0,0,0
2025/5/10,20,1,0,0,0,1,0,0,0,1,0,0,0,0,0,0,0,0,0,1,0
2025/5/10,21,1,0,0,0,0,1,0,0,0,0,1,0,0,0,0,0,0,0,1,0
2025/5/10,22,0,0,0,0,0,0,0,0,0,0,0,0,0,0,0,0,0,0,0,0
2025/5/10,23,1,0,0,0,1,0,0,0,0,0,1,0,1,0,0,0,0,0,0,0
2025/5/10,24,2,0,0,0,1,1,0,0,0,0,2,0,1,0,1,0,0,0,0,0
2025/5/10,25,1,0,0,0,0,1,0,0,0,0,1,0,1,0,0,0,0,0,0,0
2025/5/10,26,3,0,0,0,2,1,0,0,0,0,3,0,1,2,0,0,0,0,0,0
2025/5/10,27,1,0,0,1,0,0,0,0,0,0,1,0,0,0,0,1,0,0,0,0
2025/5/10,28,2,0,0,0,0,2,0,0,0,0,2,0,0,0,0,0,0,0,2,0
2025/5/10,29,2,0,0,1,0,1,0,0,0,0,2,0,0,0,0,1,0,0,1,0
2025/5/10,30,0,0,0,0,0,0,0,0,0,0,0,0,0,0,0,0,0,0,0,0
2025/5/10,31,0,0,0,0,0,0,0,0,0,0,0,0,0,0,0,0,0,0,0,0
2025/5/10,32,0,0,0,0,0,0,0,0,0,0,0,0,0,0,0,0,0,0,0,0
2025/5/10,33,0,0,0,0,0,0,0,0,0,0,0,0,0,0,0,0,0,0,0,0
2025/5/10,34,2,0,0,0,0,2,0,0,0,0,2,0,1,0,0,0,0,0,0,1
2025/5/10,35,0,0,0,0,0,0,0,0,0,0,0,0,0,0,0,0,0,0,0,0
2025/5/10,36,0,0,0,0,0,0,0,0,0,0,0,0,0,0,0,0,0,0,0,0
2025/5/10,37,1,0,0,0,0,1,0,0,0,0,1,0,0,0,0,0,1,0,0,0
2025/5/10,38,0,0,0,0,0,0,0,0,0,0,0,0,0,0,0,0,0,0,0,0
2025/5/10,39,1,0,0,0,0,1,0,0,0,0,1,0,0,0,0,0,0,0,0,1
2025/5/10,40,1,0,0,0,1,0,0,0,0,1,0,0,0,0,0,0,0,0,0,1
2025/5/10,41,1,0,0,0,0,1,0,0,0,0,1,0,1,0,0,0,0,0,0,0
2025/5/10,42,1,0,0,1,0,0,0,0,0,0,1,0,0,0,0,0,0,1,0,0
2025/5/10,43,0,0,0,0,0,0,0,0,0,0,0,0,0,0,0,0,0,0,0,0
2025/5/10,44,0,0,0,0,0,0,0,0,0,0,0,0,0,0,0,0,0,0,0,0
2025/5/10,45,0,0,0,0,0,0,0,0,0,0,0,0,0,0,0,0,0,0,0,0
2025/5/10,46,0,0,0,0,0,0,0,0,0,0,0,0,0,0,0,0,0,0,0,0
2025/5/10,47,0,0,0,0,0,0,0,0,0,0,0,0,0,0,0,0,0,0,0,0
2025/5/11,1,0,0,0,0,0,0,0,0,0,0,0,0,0,0,0,0,0,0,0,0
2025/5/11,2,0,0,0,0,0,0,0,0,0,0,0,0,0,0,0,0,0,0,0,0
2025/5/11,3,0,0,0,0,0,0,0,0,0,0,0,0,0,0,0,0,0,0,0,0
2025/5/11,4,10,0,0,0,10,0,0,0,0,6,4,0,0,0,1,0,0,5,4,0
2025/5/11,5,0,0,0,0,0,0,0,0,0,0,0,0,0,0,0,0,0,0,0,0
2025/5/11,6,0,0,0,0,0,0,0,0,0,0,0,0,0,0,0,0,0,0,0,0
2025/5/11,7,0,0,0,0,0,0,0,0,0,0,0,0,0,0,0,0,0,0,0,0
2025/5/11,8,1,0,0,0,0,1,0,0,0,0,1,0,0,0,0,0,0,1,0,0
2025/5/11,9,5,0,0,0,3,2,0,0,0,0,5,0,0,0,0,0,0,4,0,1
2025/5/11,10,1,0,0,0,1,0,0,0,0,1,0,0,0,0,0,0,0,1,0,0
2025/5/11,11,5,0,0,0,2,3,0,0,0,0,5,0,0,0,0,0,0,2,2,1
2025/5/11,12,5,0,0,3,0,2,0,0,0,1,4,0,0,0,0,1,0,4,0,0
2025/5/11,13,6,0,0,0,6,0,0,0,0,2,4,0,3,0,0,0,1,0,2,0
2025/5/11,14,4,0,1,2,1,0,0,0,0,0,4,0,1,0,0,2,0,1,0,0
2025/5/11,15,0,0,0,0,0,0,0,0,0,0,0,0,0,0,0,0,0,0,0,0
2025/5/11,16,0,0,0,0,0,0,0,0,0,0,0,0,0,0,0,0,0,0,0,0
2025/5/11,17,0,0,0,0,0,0,0,0,0,0,0,0,0,0,0,0,0,0,0,0
2025/5/11,18,0,0,0,0,0,0,0,0,0,0,0,0,0,0,0,0,0,0,0,0
2025/5/11,19,1,0,0,0,0,1,0,0,0,0,1,0,0,0,0,0,0,0,0,1
2025/5/11,20,3,0,0,0,0,3,0,0,0,2,1,0,0,1,0,0,0,0,2,0
2025/5/11,21,2,0,0,0,2,0,0,0,0,0,2,0,1,0,0,0,0,0,1,0
2025/5/11,22,3,0,0,2,1,0,0,0,0,1,2,0,2,0,0,1,0,0,0,0
2025/5/11,23,3,0,0,1,1,1,0,0,0,0,3,0,1,0,0,0,0,2,0,0
2025/5/11,24,0,0,0,0,0,0,0,0,0,0,0,0,0,0,0,0,0,0,0,0
2025/5/11,25,0,0,0,0,0,0,0,0,0,0,0,0,0,0,0,0,0,0,0,0
2025/5/11,26,1,0,0,0,1,0,0,0,0,0,1,0,1,0,0,0,0,0,0,0
2025/5/11,27,2,0,0,0,1,1,0,0,0,1,1,0,1,0,0,0,0,1,0,0
2025/5/11,28,2,0,0,2,0,0,0,0,0,0,2,0,1,0,0,1,0,0,0,0
2025/5/11,29,0,0,0,0,0,0,0,0,0,0,0,0,0,0,0,0,0,0,0,0
2025/5/11,30,1,0,0,1,0,0,0,0,0,0,1,0,0,0,0,1,0,0,0,0
2025/5/11,31,0,0,0,0,0,0,0,0,0,0,0,0,0,0,0,0,0,0,0,0
2025/5/11,32,0,0,0,0,0,0,0,0,0,0,0,0,0,0,0,0,0,0,0,0
2025/5/11,33,0,0,0,0,0,0,0,0,0,0,0,0,0,0,0,0,0,0,0,0
2025/5/11,34,0,0,0,0,0,0,0,0,0,0,0,0,0,0,0,0,0,0,0,0
2025/5/11,35,0,0,0,0,0,0,0,0,0,0,0,0,0,0,0,0,0,0,0,0
2025/5/11,36,1,0,0,0,1,0,0,0,0,0,1,0,0,0,0,0,0,1,0,0
2025/5/11,37,1,0,0,0,0,1,0,0,0,1,0,0,0,0,0,0,0,0,0,1
2025/5/11,38,0,0,0,0,0,0,0,0,0,0,0,0,0,0,0,0,0,0,0,0
2025/5/11,39,2,0,0,1,1,0,0,0,0,0,2,0,0,0,0,0,0,1,1,0
2025/5/11,40,2,0,0,0,1,1,0,0,0,1,1,0,0,0,0,0,1,0,1,0
2025/5/11,41,0,0,0,0,0,0,0,0,0,0,0,0,0,0,0,0,0,0,0,0
2025/5/11,42,0,0,0,0,0,0,0,0,0,0,0,0,0,0,0,0,0,0,0,0
2025/5/11,43,0,0,0,0,0,0,0,0,0,0,0,0,0,0,0,0,0,0,0,0
2025/5/11,44,0,0,0,0,0,0,0,0,0,0,0,0,0,0,0,0,0,0,0,0
2025/5/11,45,0,0,0,0,0,0,0,0,0,0,0,0,0,0,0,0,0,0,0,0
2025/5/11,46,1,0,0,0,1,0,0,0,0,0,1,0,0,0,0,0,0,0,0,1
2025/5/11,47,0,0,0,0,0,0,0,0,0,0,0,0,0,0,0,0,0,0,0,0
2025/5/12,1,3,0,0,0,1,2,0,0,0,0,3,0,0,2,0,0,0,0,0,1
2025/5/12,2,0,0,0,0,0,0,0,0,0,0,0,0,0,0,0,0,0,0,0,0
2025/5/12,3,1,0,0,0,0,1,0,0,0,1,0,0,1,0,0,0,0,0,0,0
2025/5/12,4,0,0,0,0,0,0,0,0,0,0,0,0,0,0,0,0,0,0,0,0
2025/5/12,5,0,0,0,0,0,0,0,0,0,0,0,0,0,0,0,0,0,0,0,0
2025/5/12,6,0,0,0,0,0,0,0,0,0,0,0,0,0,0,0,0,0,0,0,0
2025/5/12,7,0,0,0,0,0,0,0,0,0,0,0,0,0,0,0,0,0,0,0,0
2025/5/12,8,0,0,0,0,0,0,0,0,0,0,0,0,0,0,0,0,0,0,0,0
2025/5/12,9,0,0,0,0,0,0,0,0,0,0,0,0,0,0,0,0,0,0,0,0
2025/5/12,10,0,0,0,0,0,0,0,0,0,0,0,0,0,0,0,0,0,0,0,0
2025/5/12,11,0,0,0,0,0,0,0,0,0,0,0,0,0,0,0,0,0,0,0,0
2025/5/12,12,0,0,0,0,0,0,0,0,0,0,0,0,0,0,0,0,0,0,0,0
2025/5/12,13,1,0,1,0,0,0,0,0,0,0,1,0,1,0,0,0,0,0,0,0
2025/5/12,14,0,0,0,0,0,0,0,0,0,0,0,0,0,0,0,0,0,0,0,0
2025/5/12,15,0,0,0,0,0,0,0,0,0,0,0,0,0,0,0,0,0,0,0,0
2025/5/12,16,0,0,0,0,0,0,0,0,0,0,0,0,0,0,0,0,0,0,0,0
2025/5/12,17,1,0,0,0,0,1,0,0,0,0,1,0,1,0,0,0,0,0,0,0
2025/5/12,18,0,0,0,0,0,0,0,0,0,0,0,0,0,0,0,0,0,0,0,0
2025/5/12,19,0,0,0,0,0,0,0,0,0,0,0,0,0,0,0,0,0,0,0,0
2025/5/12,20,1,0,0,0,0,1,0,0,0,0,1,0,0,1,0,0,0,0,0,0
2025/5/12,21,0,0,0,0,0,0,0,0,0,0,0,0,0,0,0,0,0,0,0,0
2025/5/12,22,0,0,0,0,0,0,0,0,0,0,0,0,0,0,0,0,0,0,0,0
2025/5/12,23,1,0,0,1,0,0,0,0,0,0,1,0,0,0,0,1,0,0,0,0
2025/5/12,24,0,0,0,0,0,0,0,0,0,0,0,0,0,0,0,0,0,0,0,0
2025/5/12,25,1,0,0,0,0,1,0,0,0,0,1,0,1,0,0,0,0,0,0,0
2025/5/12,26,0,0,0,0,0,0,0,0,0,0,0,0,0,0,0,0,0,0,0,0
2025/5/12,27,2,0,0,0,1,1,0,0,0,0,2,0,0,2,0,0,0,0,0,0
2025/5/12,28,0,0,0,0,0,0,0,0,0,0,0,0,0,0,0,0,0,0,0,0
2025/5/12,29,1,0,0,1,0,0,0,0,0,0,1,0,0,0,0,0,0,0,1,0
2025/5/12,30,0,0,0,0,0,0,0,0,0,0,0,0,0,0,0,0,0,0,0,0
2025/5/12,31,1,0,0,0,1,0,0,0,0,1,0,0,0,1,0,0,0,0,0,0
2025/5/12,32,0,0,0,0,0,0,0,0,0,0,0,0,0,0,0,0,0,0,0,0
2025/5/12,33,1,0,0,0,1,0,0,0,0,1,0,0,0,0,0,0,1,0,0,0
2025/5/12,34,1,0,0,0,0,1,0,0,0,0,1,0,1,0,0,0,0,0,0,0
2025/5/12,35,1,0,0,0,0,1,0,0,0,1,0,0,0,0,1,0,0,0,0,0
2025/5/12,36,1,0,0,0,0,1,0,0,0,0,1,0,1,0,0,0,0,0,0,0
2025/5/12,37,0,0,0,0,0,0,0,0,0,0,0,0,0,0,0,0,0,0,0,0
2025/5/12,38,0,0,0,0,0,0,0,0,0,0,0,0,0,0,0,0,0,0,0,0
2025/5/12,39,0,0,0,0,0,0,0,0,0,0,0,0,0,0,0,0,0,0,0,0
2025/5/12,40,5,0,0,2,0,3,0,0,0,2,3,0,1,0,0,1,0,0,3,0
2025/5/12,41,0,0,0,0,0,0,0,0,0,0,0,0,0,0,0,0,0,0,0,0
2025/5/12,42,1,0,0,1,0,0,0,0,0,0,1,0,0,0,0,1,0,0,0,0
2025/5/12,43,1,0,0,0,0,1,0,0,0,0,1,0,1,0,0,0,0,0,0,0
2025/5/12,44,1,0,0,1,0,0,0,0,0,0,1,0,0,0,0,1,0,0,0,0
2025/5/12,45,0,0,0,0,0,0,0,0,0,0,0,0,0,0,0,0,0,0,0,0
2025/5/12,46,0,0,0,0,0,0,0,0,0,0,0,0,0,0,0,0,0,0,0,0
2025/5/12,47,0,0,0,0,0,0,0,0,0,0,0,0,0,0,0,0,0,0,0,0
2025/5/13,1,2,0,0,0,0,2,0,0,1,1,0,0,0,0,1,0,1,0,0,0
2025/5/13,2,2,0,0,0,0,2,0,0,0,1,1,0,2,0,0,0,0,0,0,0
2025/5/13,3,2,0,0,0,1,1,0,0,0,1,1,0,0,0,0,0,0,0,0,2
2025/5/13,4,3,0,0,0,0,3,0,0,0,2,1,0,0,0,1,1,0,0,1,0
2025/5/13,5,0,0,0,0,0,0,0,0,0,0,0,0,0,0,0,0,0,0,0,0
2025/5/13,6,2,0,0,1,1,0,0,0,0,0,2,0,0,0,0,1,0,0,0,1
2025/5/13,7,3,0,0,0,0,3,0,0,0,0,3,0,1,0,0,0,0,1,1,0
2025/5/13,8,3,0,0,1,1,1,0,0,1,0,2,0,1,1,0,1,0,0,0,0
2025/5/13,9,0,0,0,0,0,0,0,0,0,0,0,0,0,0,0,0,0,0,0,0
2025/5/13,10,3,0,0,1,0,2,0,0,0,2,1,0,1,0,1,1,0,0,0,0
2025/5/13,11,5,0,0,1,1,3,0,0,0,4,1,0,1,0,0,0,0,1,2,1
2025/5/13,12,5,0,0,1,1,3,0,0,0,3,2,0,0,0,0,1,0,0,1,3
2025/5/13,13,3,0,0,1,0,2,0,0,0,1,2,0,0,0,0,1,0,1,1,0
2025/5/13,14,3,0,0,1,0,2,0,0,0,2,1,0,1,0,0,0,1,0,1,0
2025/5/13,15,1,0,0,0,0,1,0,0,0,1,0,0,0,0,0,0,0,0,1,0
2025/5/13,16,1,0,0,1,0,0,0,0,0,1,0,0,1,0,0,0,0,0,0,0
2025/5/13,17,0,0,0,0,0,0,0,0,0,0,0,0,0,0,0,0,0,0,0,0
2025/5/13,18,0,0,0,0,0,0,0,0,0,0,0,0,0,0,0,0,0,0,0,0
2025/5/13,19,3,0,0,0,2,1,0,0,0,0,3,0,2,0,0,0,0,1,0,0
2025/5/13,20,2,0,0,0,0,2,0,0,0,0,2,0,1,0,0,0,0,1,0,0
2025/5/13,21,4,0,0,0,0,4,0,0,0,1,3,0,1,0,0,0,0,0,3,0
2025/5/13,22,4,0,0,0,0,4,0,0,0,0,4,0,1,0,0,0,0,2,1,0
2025/5/13,23,7,0,0,1,2,4,0,0,0,4,3,0,1,0,0,1,0,0,5,0
2025/5/13,24,3,0,0,0,0,3,0,0,0,0,3,0,1,0,0,0,0,0,2,0
2025/5/13,25,1,0,0,0,0,1,0,0,0,0,1,0,0,0,0,0,0,0,0,1
2025/5/13,26,5,0,0,1,1,3,0,0,0,2,3,0,1,0,0,0,1,0,3,0
2025/5/13,27,9,0,0,0,3,6,0,0,0,2,7,0,0,0,0,0,3,0,6,0
2025/5/13,28,2,0,0,1,0,1,0,0,0,1,1,0,0,0,0,0,1,1,0,0
2025/5/13,29,0,0,0,0,0,0,0,0,0,0,0,0,0,0,0,0,0,0,0,0
2025/5/13,30,5,0,0,0,1,4,0,0,0,2,3,0,3,0,1,0,0,0,0,1
2025/5/13,31,1,0,0,1,0,0,0,0,0,0,1,0,0,0,0,1,0,0,0,0
2025/5/13,32,1,0,0,0,0,1,0,0,0,0,1,0,0,0,0,0,0,0,1,0
2025/5/13,33,6,0,0,1,2,3,0,0,1,0,5,0,2,0,0,0,1,0,2,1
2025/5/13,34,3,0,0,0,0,3,0,0,0,2,1,0,1,0,0,0,0,1,0,1
2025/5/13,35,1,0,0,0,0,1,0,0,0,1,0,0,0,1,0,0,0,0,0,0
2025/5/13,36,1,0,0,0,0,1,0,0,0,1,0,0,0,0,0,0,0,0,0,1
2025/5/13,37,1,0,0,0,0,1,0,0,0,1,0,0,1,0,0,0,0,0,0,0
2025/5/13,38,2,0,0,0,0,2,0,0,0,1,1,0,0,0,0,0,0,0,2,0
2025/5/13,39,2,0,0,1,0,1,0,0,0,1,1,0,0,0,0,1,0,0,1,0
2025/5/13,40,4,0,0,1,1,2,0,0,0,2,2,0,0,0,0,1,0,0,1,2
2025/5/13,41,2,0,0,0,0,2,0,0,0,0,2,0,1,0,0,0,0,0,0,1
2025/5/13,42,2,0,0,1,0,1,0,0,0,1,1,0,0,0,0,0,0,0,2,0
2025/5/13,43,3,0,0,1,0,2,0,0,0,0,3,0,1,0,0,0,1,0,1,0
2025/5/13,44,1,0,0,0,1,0,0,0,0,0,1,0,0,1,0,0,0,0,0,0
2025/5/13,45,0,0,0,0,0,0,0,0,0,0,0,0,0,0,0,0,0,0,0,0
2025/5/13,46,1,0,0,0,0,1,0,0,0,1,0,0,1,0,0,0,0,0,0,0
2025/5/13,47,2,0,0,0,1,1,0,0,0,0,1,1,1,0,1,0,0,0,0,0
2025/5/14,1,3,0,0,0,1,2,0,0,0,1,2,0,1,0,0,0,0,0,2,0
2025/5/14,2,1,0,0,0,0,1,0,0,1,0,0,0,0,0,0,0,0,0,0,1
2025/5/14,3,6,0,0,2,1,3,0,0,0,1,5,0,1,1,0,2,0,1,0,1
2025/5/14,4,5,0,0,0,3,2,0,0,0,5,0,0,3,0,0,0,0,2,0,0
2025/5/14,5,2,0,0,0,0,2,0,0,0,1,1,0,1,0,0,0,0,1,0,0
2025/5/14,6,1,0,0,0,0,1,0,0,0,0,1,0,0,0,0,0,0,1,0,0
2025/5/14,7,1,0,0,1,0,0,0,0,0,1,0,0,0,0,0,0,0,1,0,0
2025/5/14,8,0,0,0,0,0,0,0,0,0,0,0,0,0,0,0,0,0,0,0,0
2025/5/14,9,4,0,0,0,2,2,0,0,0,1,3,0,0,2,1,0,0,0,1,0
2025/5/14,10,1,0,0,0,1,0,0,0,0,1,0,0,0,1,0,0,0,0,0,0
2025/5/14,11,4,0,0,0,1,3,0,0,0,3,1,0,2,0,0,0,0,0,2,0
2025/5/14,12,4,0,0,0,3,1,0,0,0,2,2,0,0,1,0,0,0,0,0,3
2025/5/14,13,8,0,0,0,3,5,0,0,0,3,5,0,5,0,0,0,1,2,0,0
2025/5/14,14,4,0,0,0,3,1,0,0,0,1,3,0,1,0,0,1,0,1,0,1
2025/5/14,15,1,0,0,1,0,0,0,0,0,1,0,0,0,0,0,1,0,0,0,0
2025/5/14,16,1,0,0,0,0,1,0,0,0,0,1,0,0,0,0,0,0,1,0,0
2025/5/14,17,2,0,0,1,1,0,0,0,0,0,2,0,0,0,0,1,0,1,0,0
2025/5/14,18,1,0,0,0,1,0,0,0,0,1,0,0,0,1,0,0,0,0,0,0
2025/5/14,19,0,0,0,0,0,0,0,0,0,0,0,0,0,0,0,0,0,0,0,0
2025/5/14,20,0,0,0,0,0,0,0,0,0,0,0,0,0,0,0,0,0,0,0,0
2025/5/14,21,0,0,0,0,0,0,0,0,0,0,0,0,0,0,0,0,0,0,0,0
2025/5/14,22,2,0,0,0,1,1,0,0,0,1,1,0,0,2,0,0,0,0,0,0
2025/5/14,23,11,0,2,3,0,6,0,0,0,2,9,0,4,1,0,3,0,1,0,2
2025/5/14,24,1,0,0,0,0,1,0,0,0,0,1,0,0,0,0,0,0,0,1,0
2025/5/14,25,1,0,0,0,0,1,0,0,0,0,1,0,1,0,0,0,0,0,0,0
2025/5/14,26,6,0,0,1,1,4,0,0,0,0,6,0,1,0,0,0,1,2,1,1
2025/5/14,27,12,0,0,1,1,10,0,0,0,3,9,0,2,1,0,1,0,0,8,0
2025/5/14,28,8,0,0,0,1,7,0,0,1,3,4,0,2,0,0,0,1,1,2,2
2025/5/14,29,3,0,0,0,1,2,0,0,1,0,2,0,2,1,0,0,0,0,0,0
2025/5/14,30,2,0,0,0,1,1,0,0,0,0,2,0,0,1,0,0,0,1,0,0
2025/5/14,31,2,0,0,0,0,2,0,0,0,1,1,0,1,0,0,0,0,0,1,0
2025/5/14,32,3,0,0,0,0,3,0,0,0,1,2,0,1,0,0,0,0,1,0,1
2025/5/14,33,6,0,0,0,2,4,0,0,0,0,6,0,2,1,0,0,1,0,0,2
2025/5/14,34,6,0,0,1,2,3,0,0,0,3,3,0,3,1,0,1,1,0,0,0
2025/5/14,35,3,0,0,0,0,3,0,0,0,1,2,0,0,0,1,0,0,2,0,0
2025/5/14,36,1,0,0,0,0,1,0,0,0,0,1,0,0,0,0,0,0,0,1,0
2025/5/14,37,1,0,0,0,1,0,0,0,0,0,1,0,0,0,0,0,0,1,0,0
2025/5/14,38,0,0,0,0,0,0,0,0,0,0,0,0,0,0,0,0,0,0,0,0
2025/5/14,39,1,0,0,0,1,0,0,0,0,0,1,0,0,0,0,0,0,0,0,1
2025/5/14,40,10,0,0,6,0,4,0,0,0,2,8,0,3,0,0,5,0,1,1,0
2025/5/14,41,1,0,0,0,0,1,0,0,0,1,0,0,0,0,0,0,0,1,0,0
2025/5/14,42,1,0,0,1,0,0,0,0,0,0,1,0,0,0,0,1,0,0,0,0
2025/5/14,43,6,0,0,3,0,3,0,0,0,3,3,0,1,0,0,3,0,0,1,1
2025/5/14,44,7,0,0,3,0,4,0,0,0,2,5,0,2,0,1,2,0,0,1,1
2025/5/14,45,3,0,0,0,1,2,0,0,0,1,2,0,1,0,1,0,0,0,0,1
2025/5/14,46,3,0,0,0,0,3,0,0,0,2,1,0,2,0,1,0,0,0,0,0
2025/5/14,47,6,0,0,0,3,3,0,0,0,1,5,0,2,1,0,0,0,0,3,0
2025/5/15,1,4,0,0,1,1,2,0,0,0,0,4,0,0,0,1,1,0,2,0,0
2025/5/15,2,6,0,1,3,0,2,0,0,0,2,3,1,0,0,0,3,0,0,1,2
2025/5/15,3,6,0,0,0,2,4,0,0,0,1,5,0,1,1,0,0,0,1,1,2
2025/5/15,4,0,0,0,0,0,0,0,0,0,0,0,0,0,0,0,0,0,0,0,0
2025/5/15,5,0,0,0,0,0,0,0,0,0,0,0,0,0,0,0,0,0,0,0,0
2025/5/15,6,1,0,0,0,1,0,0,0,0,0,1,0,1,0,0,0,0,0,0,0
2025/5/15,7,2,0,0,1,0,1,0,0,0,0,2,0,1,0,0,0,0,1,0,0
2025/5/15,8,4,0,0,0,2,2,0,0,0,2,2,0,2,0,0,0,0,2,0,0
2025/5/15,9,3,0,0,0,0,3,0,0,0,1,2,0,1,1,0,0,0,0,1,0
2025/5/15,10,0,0,0,0,0,0,0,0,0,0,0,0,0,0,0,0,0,0,0,0
2025/5/15,11,8,0,0,1,5,2,0,0,0,2,6,0,1,3,0,1,0,2,1,0
2025/5/15,12,5,0,0,2,0,3,0,0,0,1,4,0,3,0,0,2,0,0,0,0
2025/5/15,13,11,0,0,2,6,3,0,0,1,2,8,0,1,2,0,1,2,3,2,0
2025/5/15,14,4,0,0,1,1,2,0,0,0,1,3,0,0,1,1,0,0,1,1,0
2025/5/15,15,0,0,0,0,0,0,0,0,0,0,0,0,0,0,0,0,0,0,0,0
2025/5/15,16,0,0,0,0,0,0,0,0,0,0,0,0,0,0,0,0,0,0,0,0
2025/5/15,17,3,0,0,0,0,3,0,0,0,1,2,0,2,0,0,0,0,0,1,0
2025/5/15,18,0,0,0,0,0,0,0,0,0,0,0,0,0,0,0,0,0,0,0,0
2025/5/15,19,0,0,0,0,0,0,0,0,0,0,0,0,0,0,0,0,0,0,0,0
2025/5/15,20,0,0,0,0,0,0,0,0,0,0,0,0,0,0,0,0,0,0,0,0
2025/5/15,21,0,0,0,0,0,0,0,0,0,0,0,0,0,0,0,0,0,0,0,0
2025/5/15,22,0,0,0,0,0,0,0,0,0,0,0,0,0,0,0,0,0,0,0,0
2025/5/15,23,8,0,0,2,2,4,0,0,0,1,7,0,1,1,1,3,0,1,1,0
2025/5/15,24,1,0,0,0,0,1,0,0,0,0,1,0,0,0,0,0,0,0,0,1
2025/5/15,25,1,0,0,0,0,1,0,0,0,1,0,0,0,0,0,0,0,0,1,0
2025/5/15,26,4,0,0,1,1,2,0,0,0,0,4,0,0,0,1,0,0,1,2,0
2025/5/15,27,1,0,0,0,0,1,0,0,0,0,1,0,0,0,0,0,0,0,0,1
2025/5/15,28,5,0,0,1,1,3,0,0,0,0,5,0,0,0,0,0,1,2,1,1
2025/5/15,29,0,0,0,0,0,0,0,0,0,0,0,0,0,0,0,0,0,0,0,0
2025/5/15,30,1,0,0,0,1,0,0,0,0,0,1,0,0,0,0,0,0,1,0,0
2025/5/15,31,2,0,0,0,0,2,0,0,0,0,2,0,0,0,0,0,0,1,0,1
2025/5/15,32,0,0,0,0,0,0,0,0,0,0,0,0,0,0,0,0,0,0,0,0
2025/5/15,33,2,0,0,0,0,2,0,0,0,1,1,0,1,0,0,0,0,1,0,0
2025/5/15,34,0,0,0,0,0,0,0,0,0,0,0,0,0,0,0,0,0,0,0,0
2025/5/15,35,1,0,0,0,0,1,0,0,0,0,1,0,0,0,1,0,0,0,0,0
2025/5/15,36,1,0,0,0,0,1,0,0,0,0,1,0,0,0,0,0,1,0,0,0
2025/5/15,37,1,0,0,0,0,1,0,0,0,0,1,0,1,0,0,0,0,0,0,0
2025/5/15,38,2,0,0,0,1,1,0,0,0,1,1,0,0,1,0,0,0,0,1,0
2025/5/15,39,2,0,0,0,0,2,0,0,0,0,2,0,1,0,0,0,0,0,0,1
2025/5/15,40,3,0,0,2,0,1,0,0,0,1,2,0,0,0,0,1,0,0,2,0
2025/5/15,41,1,0,0,0,0,1,0,0,0,1,0,0,1,0,0,0,0,0,0,0
2025/5/15,42,1,0,0,0,0,1,0,0,0,0,1,0,0,0,0,0,0,0,1,0
2025/5/15,43,2,0,0,1,0,1,0,0,0,0,2,0,0,0,0,1,0,1,0,0
2025/5/15,44,2,0,1,0,0,1,0,0,0,1,1,0,1,0,0,0,0,0,0,1
2025/5/15,45,0,0,0,0,0,0,0,0,0,0,0,0,0,0,0,0,0,0,0,0
2025/5/15,46,2,0,0,0,2,0,0,0,0,2,0,0,0,1,0,0,0,0,1,0
2025/5/15,47,2,0,0,0,1,1,0,0,0,0,2,0,0,2,0,0,0,0,0,0
2025/5/16,1,7,0,0,1,0,6,0,0,0,4,3,0,0,0,0,1,1,1,3,1
2025/5/16,2,2,0,0,0,1,1,0,0,0,0,2,0,0,0,0,0,1,0,1,0
2025/5/16,3,6,0,0,1,0,5,0,0,1,2,2,1,2,0,0,0,0,2,1,1
2025/5/16,4,3,0,0,1,0,2,0,0,0,0,3,0,1,0,0,1,0,0,1,0
2025/5/16,5,3,0,0,0,0,3,0,0,0,2,1,0,2,0,0,0,0,0,1,0
2025/5/16,6,1,0,0,0,1,0,0,0,0,1,0,0,0,1,0,0,0,0,0,0
2025/5/16,7,1,0,0,0,0,1,0,0,0,0,1,0,0,0,0,0,0,1,0,0
2025/5/16,8,1,0,0,0,0,1,0,0,0,1,0,0,1,0,0,0,0,0,0,0
2025/5/16,9,4,0,0,0,2,2,0,0,0,2,2,0,0,1,0,0,0,0,1,2
2025/5/16,10,1,0,0,0,0,1,0,0,0,1,0,0,0,0,0,0,0,0,1,0
2025/5/16,11,8,0,0,3,4,1,0,0,0,4,4,0,3,0,0,0,2,1,1,1
2025/5/16,12,2,0,0,1,1,0,0,0,0,0,2,0,0,1,0,1,0,0,0,0
2025/5/16,13,5,0,0,1,1,3,0,0,1,1,3,0,2,1,0,1,0,0,1,0
2025/5/16,14,1,0,0,0,1,0,0,0,0,0,1,0,1,0,0,0,0,0,0,0
2025/5/16,15,8,0,0,1,2,5,0,0,0,3,5,0,0,2,0,0,0,0,4,2
2025/5/16,16,0,0,0,0,0,0,0,0,0,0,0,0,0,0,0,0,0,0,0,0
2025/5/16,17,5,0,0,1,2,2,0,0,0,0,5,0,0,1,0,1,0,2,1,0
2025/5/16,18,2,0,0,0,0,2,0,0,0,2,0,0,1,0,0,0,0,1,0,0
2025/5/16,19,1,0,0,1,0,0,0,0,0,0,1,0,0,0,0,1,0,0,0,0
2025/5/16,20,2,0,0,1,0,1,0,0,0,1,1,0,0,0,0,0,0,1,1,0
2025/5/16,21,0,0,0,0,0,0,0,0,0,0,0,0,0,0,0,0,0,0,0,0
2025/5/16,22,3,0,0,1,1,1,0,0,0,0,3,0,2,0,0,1,0,0,0,0
2025/5/16,23,4,0,0,2,2,0,0,0,0,1,3,0,0,0,1,2,0,0,0,1
2025/5/16,24,1,0,0,0,0,1,0,0,0,0,1,0,0,0,0,0,0,1,0,0
2025/5/16,25,0,0,0,0,0,0,0,0,0,0,0,0,0,0,0,0,0,0,0,0
2025/5/16,26,3,0,0,0,1,2,0,0,0,0,3,0,2,0,0,0,0,0,1,0
2025/5/16,27,1,0,0,1,0,0,0,0,0,0,1,0,0,0,0,1,0,0,0,0
2025/5/16,28,4,0,0,0,1,3,0,0,0,1,3,0,0,0,0,0,0,2,2,0
2025/5/16,29,2,0,0,2,0,0,0,0,0,0,2,0,0,0,0,2,0,0,0,0
2025/5/16,30,0,0,0,0,0,0,0,0,0,0,0,0,0,0,0,0,0,0,0,0
2025/5/16,31,0,0,0,0,0,0,0,0,0,0,0,0,0,0,0,0,0,0,0,0
2025/5/16,32,1,0,0,0,1,0,0,0,0,0,1,0,0,0,0,1,0,0,0,0
2025/5/16,33,0,0,0,0,0,0,0,0,0,0,0,0,0,0,0,0,0,0,0,0
2025/5/16,34,0,0,0,0,0,0,0,0,0,0,0,0,0,0,0,0,0,0,0,0
2025/5/16,35,1,0,0,0,0,1,0,0,0,1,0,0,0,1,0,0,0,0,0,0
2025/5/16,36,0,0,0,0,0,0,0,0,0,0,0,0,0,0,0,0,0,0,0,0
2025/5/16,37,0,0,0,0,0,0,0,0,0,0,0,0,0,0,0,0,0,0,0,0
2025/5/16,38,1,0,0,0,0,1,0,0,0,0,1,0,0,0,0,0,0,0,0,1
2025/5/16,39,0,0,0,0,0,0,0,0,0,0,0,0,0,0,0,0,0,0,0,0
2025/5/16,40,0,0,0,0,0,0,0,0,0,0,0,0,0,0,0,0,0,0,0,0
2025/5/16,41,0,0,0,0,0,0,0,0,0,0,0,0,0,0,0,0,0,0,0,0
2025/5/16,42,0,0,0,0,0,0,0,0,0,0,0,0,0,0,0,0,0,0,0,0
2025/5/16,43,0,0,0,0,0,0,0,0,0,0,0,0,0,0,0,0,0,0,0,0
2025/5/16,44,1,0,0,0,0,1,0,0,0,0,1,0,1,0,0,0,0,0,0,0
2025/5/16,45,2,0,0,0,0,2,0,0,0,1,0,1,1,0,0,0,0,1,0,0
2025/5/16,46,2,0,0,0,1,1,0,0,0,1,1,0,0,1,0,0,0,0,0,1
2025/5/16,47,7,0,0,2,1,4,0,0,0,2,5,0,3,0,0,1,0,3,0,0
2025/5/17,1,4,0,0,1,2,1,0,0,0,1,2,1,1,1,0,0,0,1,0,1
2025/5/17,2,3,0,0,0,0,3,0,0,0,0,3,0,0,0,1,1,0,1,0,0
2025/5/17,3,0,0,0,0,0,0,0,0,0,0,0,0,0,0,0,0,0,0,0,0
2025/5/17,4,0,0,0,0,0,0,0,0,0,0,0,0,0,0,0,0,0,0,0,0
2025/5/17,5,1,0,0,0,0,1,0,0,0,0,1,0,1,0,0,0,0,0,0,0
2025/5/17,6,0,0,0,0,0,0,0,0,0,0,0,0,0,0,0,0,0,0,0,0
2025/5/17,7,0,0,0,0,0,0,0,0,0,0,0,0,0,0,0,0,0,0,0,0
2025/5/17,8,0,0,0,0,0,0,0,0,0,0,0,0,0,0,0,0,0,0,0,0
2025/5/17,9,0,0,0,0,0,0,0,0,0,0,0,0,0,0,0,0,0,0,0,0
2025/5/17,10,0,0,0,0,0,0,0,0,0,0,0,0,0,0,0,0,0,0,0,0
2025/5/17,11,0,0,0,0,0,0,0,0,0,0,0,0,0,0,0,0,0,0,0,0
2025/5/17,12,0,0,0,0,0,0,0,0,0,0,0,0,0,0,0,0,0,0,0,0
2025/5/17,13,0,0,0,0,0,0,0,0,0,0,0,0,0,0,0,0,0,0,0,0
2025/5/17,14,0,0,0,0,0,0,0,0,0,0,0,0,0,0,0,0,0,0,0,0
2025/5/17,15,0,0,0,0,0,0,0,0,0,0,0,0,0,0,0,0,0,0,0,0
2025/5/17,16,1,0,0,1,0,0,0,0,0,0,1,0,0,0,0,0,0,1,0,0
2025/5/17,17,1,0,0,1,0,0,0,0,0,0,1,0,0,0,0,0,1,0,0,0
2025/5/17,18,2,0,0,1,1,0,0,0,0,1,1,0,0,1,0,1,0,0,0,0
2025/5/17,19,1,0,0,0,0,1,0,0,0,0,1,0,0,0,0,0,0,1,0,0
2025/5/17,20,0,0,0,0,0,0,0,0,0,0,0,0,0,0,0,0,0,0,0,0
2025/5/17,21,1,0,0,0,0,1,0,0,0,1,0,0,0,0,0,0,1,0,0,0
2025/5/17,22,0,0,0,0,0,0,0,0,0,0,0,0,0,0,0,0,0,0,0,0
2025/5/17,23,1,0,0,0,0,1,0,0,0,0,1,0,1,0,0,0,0,0,0,0
2025/5/17,24,0,0,0,0,0,0,0,0,0,0,0,0,0,0,0,0,0,0,0,0
2025/5/17,25,1,0,0,0,0,1,0,0,0,1,0,0,1,0,0,0,0,0,0,0
2025/5/17,26,4,0,0,1,2,1,0,0,0,2,2,0,2,0,0,1,1,0,0,0
2025/5/17,27,2,0,0,0,0,2,0,0,0,0,2,0,2,0,0,0,0,0,0,0
2025/5/17,28,1,0,0,0,0,1,0,0,0,0,1,0,0,0,0,0,0,0,1,0
2025/5/17,29,1,0,0,0,0,1,0,0,0,1,0,0,1,0,0,0,0,0,0,0
2025/5/17,30,0,0,0,0,0,0,0,0,0,0,0,0,0,0,0,0,0,0,0,0
2025/5/17,31,0,0,0,0,0,0,0,0,0,0,0,0,0,0,0,0,0,0,0,0
2025/5/17,32,1,0,0,0,0,1,0,0,0,0,1,0,0,0,0,0,0,1,0,0
2025/5/17,33,2,0,0,0,1,1,0,0,0,1,1,0,1,1,0,0,0,0,0,0
2025/5/17,34,2,0,0,0,1,1,0,0,0,2,0,0,2,0,0,0,0,0,0,0
2025/5/17,35,1,0,0,1,0,0,0,0,0,0,1,0,0,0,0,1,0,0,0,0
2025/5/17,36,0,0,0,0,0,0,0,0,0,0,0,0,0,0,0,0,0,0,0,0
2025/5/17,37,0,0,0,0,0,0,0,0,0,0,0,0,0,0,0,0,0,0,0,0
2025/5/17,38,0,0,0,0,0,0,0,0,0,0,0,0,0,0,0,0,0,0,0,0
2025/5/17,39,0,0,0,0,0,0,0,0,0,0,0,0,0,0,0,0,0,0,0,0
2025/5/17,40,4,0,0,2,1,1,0,0,0,0,4,0,0,0,0,2,1,1,0,0
2025/5/17,41,0,0,0,0,0,0,0,0,0,0,0,0,0,0,0,0,0,0,0,0
2025/5/17,42,1,0,0,0,1,0,0,0,0,1,0,0,0,1,0,0,0,0,0,0
2025/5/17,43,1,0,0,0,0,1,0,0,0,1,0,0,1,0,0,0,0,0,0,0
2025/5/17,44,1,0,0,1,0,0,0,0,0,1,0,0,0,0,0,1,0,0,0,0
2025/5/17,45,0,0,0,0,0,0,0,0,0,0,0,0,0,0,0,0,0,0,0,0
2025/5/17,46,2,0,0,1,0,1,0,0,0,2,0,0,0,0,0,1,0,0,0,1
2025/5/17,47,12,0,0,1,5,6,0,0,0,1,11,0,2,0,1,2,2,2,2,1
2025/5/18,1,4,0,0,1,0,3,0,0,0,0,4,0,2,0,0,0,0,1,1,0
2025/5/18,2,2,0,0,0,1,1,0,0,0,1,1,0,1,0,0,0,1,0,0,0
2025/5/18,3,7,0,0,1,2,4,0,0,0,0,7,0,2,0,0,0,1,1,2,1
2025/5/18,4,16,0,0,3,3,10,0,0,0,8,8,0,2,0,1,3,2,2,5,1
2025/5/18,5,0,0,0,0,0,0,0,0,0,0,0,0,0,0,0,0,0,0,0,0
2025/5/18,6,3,0,0,0,1,2,0,0,0,2,1,0,1,0,1,0,0,1,0,0
2025/5/18,7,22,0,0,5,11,6,0,0,0,9,13,0,7,0,1,3,0,8,2,1
2025/5/18,8,10,0,1,2,4,3,0,0,0,1,9,0,5,1,0,1,1,1,0,1
2025/5/18,9,4,0,0,3,1,0,0,0,0,0,4,0,0,0,0,1,1,0,2,0
2025/5/18,10,2,0,0,1,1,0,0,0,1,1,0,0,0,0,0,0,0,1,1,0
2025/5/18,11,3,0,0,0,1,2,0,0,0,1,2,0,2,0,0,0,0,0,0,1
2025/5/18,12,7,0,0,1,3,3,0,0,0,1,6,0,3,0,0,0,1,1,1,1
2025/5/18,13,12,0,1,1,5,5,0,0,2,2,8,0,5,1,0,1,0,3,2,0
2025/5/18,14,2,0,0,0,0,2,0,0,0,2,0,0,1,0,0,0,1,0,0,0
2025/5/18,15,0,0,0,0,0,0,0,0,0,0,0,0,0,0,0,0,0,0,0,0
2025/5/18,16,0,0,0,0,0,0,0,0,0,0,0,0,0,0,0,0,0,0,0,0
2025/5/18,17,0,0,0,0,0,0,0,0,0,0,0,0,0,0,0,0,0,0,0,0
2025/5/18,18,1,0,0,0,0,1,0,0,0,0,1,0,1,0,0,0,0,0,0,0
2025/5/18,19,3,0,0,0,1,2,0,0,0,2,1,0,0,0,0,0,0,1,0,2
2025/5/18,20,5,0,0,2,3,0,0,0,1,1,3,0,0,0,0,0,1,2,2,0
2025/5/18,21,3,0,0,1,1,1,0,0,0,0,3,0,0,0,0,0,0,2,0,1
2025/5/18,22,2,0,0,0,0,2,0,0,0,0,2,0,1,0,0,0,0,1,0,0
2025/5/18,23,22,0,0,3,7,12,0,0,0,2,20,0,7,0,0,3,0,8,4,0
2025/5/18,24,6,0,0,1,0,5,0,0,0,0,6,0,0,0,1,1,0,2,1,1
2025/5/18,25,4,0,0,0,2,2,0,0,0,0,4,0,0,0,0,1,1,1,0,1
2025/5/18,26,8,0,0,1,2,5,0,0,0,2,6,0,3,0,0,0,1,1,3,0
2025/5/18,27,7,0,0,2,1,4,0,0,0,1,6,0,3,1,0,0,0,2,1,0
2025/5/18,28,13,0,0,0,5,8,0,0,0,1,12,0,5,0,1,0,2,2,3,0
2025/5/18,29,5,0,0,0,3,2,0,0,0,1,4,0,1,1,0,0,1,1,0,1
2025/5/18,30,3,0,0,0,2,1,0,0,1,0,2,0,0,0,0,0,0,0,1,2
2025/5/18,31,2,0,0,2,0,0,0,0,0,0,2,0,0,0,0,2,0,0,0,0
2025/5/18,32,0,0,0,0,0,0,0,0,0,0,0,0,0,0,0,0,0,0,0,0
2025/5/18,33,8,0,0,0,3,5,0,0,0,2,6,0,0,0,1,0,1,2,0,4
2025/5/18,34,3,0,0,0,0,3,0,0,0,0,3,0,0,0,0,0,1,1,0,1
2025/5/18,35,1,0,0,0,0,1,0,0,0,0,1,0,0,0,0,0,1,0,0,0
2025/5/18,36,0,0,0,0,0,0,0,0,0,0,0,0,0,0,0,0,0,0,0,0
2025/5/18,37,4,0,0,1,2,1,0,0,0,0,4,0,1,0,0,1,1,0,1,0
2025/5/18,38,3,0,0,1,1,1,0,0,0,1,2,0,0,0,0,0,0,1,1,1
2025/5/18,39,3,0,1,1,0,1,0,0,0,1,2,0,0,0,0,1,0,0,0,2
2025/5/18,40,2,0,0,0,0,2,0,0,0,2,0,0,0,0,0,0,0,0,0,2
2025/5/18,41,3,0,0,0,0,3,0,0,0,2,1,0,2,0,0,0,0,0,1,0
2025/5/18,42,1,0,0,0,0,1,0,0,0,1,0,0,0,0,0,1,0,0,0,0
2025/5/18,43,0,0,0,0,0,0,0,0,0,0,0,0,0,0,0,0,0,0,0,0
2025/5/18,44,2,0,0,0,1,1,0,0,0,0,2,0,1,0,0,0,0,0,0,1
2025/5/18,45,0,0,0,0,0,0,0,0,0,0,0,0,0,0,0,0,0,0,0,0
2025/5/18,46,0,0,0,0,0,0,0,0,0,0,0,0,0,0,0,0,0,0,0,0
2025/5/18,47,12,0,1,0,6,5,0,0,2,1,8,1,2,0,2,0,3,5,0,0
2025/5/19,1,2,0,0,0,1,1,0,0,0,0,2,0,1,0,1,0,0,0,0,0
2025/5/19,2,1,0,0,0,1,0,0,0,0,1,0,0,1,0,0,0,0,0,0,0
2025/5/19,3,3,0,0,0,1,2,0,0,0,0,3,0,0,0,0,0,0,0,3,0
2025/5/19,4,0,0,0,0,0,0,0,0,0,0,0,0,0,0,0,0,0,0,0,0
2025/5/19,5,0,0,0,0,0,0,0,0,0,0,0,0,0,0,0,0,0,0,0,0
2025/5/19,6,0,0,0,0,0,0,0,0,0,0,0,0,0,0,0,0,0,0,0,0
2025/5/19,7,1,0,0,0,0,1,0,0,0,0,1,0,0,0,0,0,0,0,0,1
2025/5/19,8,0,0,0,0,0,0,0,0,0,0,0,0,0,0,0,0,0,0,0,0
2025/5/19,9,1,0,0,0,1,0,0,0,0,0,1,0,0,0,0,0,1,0,0,0
2025/5/19,10,0,0,0,0,0,0,0,0,0,0,0,0,0,0,0,0,0,0,0,0
2025/5/19,11,1,0,0,0,1,0,0,0,0,0,1,0,0,0,1,0,0,0,0,0
2025/5/19,12,1,0,0,0,0,1,0,0,0,1,0,0,1,0,0,0,0,0,0,0
2025/5/19,13,2,0,0,0,0,2,0,0,0,0,2,0,2,0,0,0,0,0,0,0
2025/5/19,14,1,0,0,0,0,1,0,0,0,1,0,0,1,0,0,0,0,0,0,0
2025/5/19,15,1,0,0,0,1,0,0,0,0,0,1,0,0,0,0,0,0,1,0,0
2025/5/19,16,1,0,0,0,0,1,0,0,0,1,0,0,1,0,0,0,0,0,0,0
2025/5/19,17,0,0,0,0,0,0,0,0,0,0,0,0,0,0,0,0,0,0,0,0
2025/5/19,18,2,0,0,0,0,2,0,0,0,0,2,0,1,0,0,0,0,0,0,1
2025/5/19,19,1,0,0,0,0,1,0,0,0,0,1,0,0,0,0,0,0,0,1,0
2025/5/19,20,1,0,0,1,0,0,0,0,0,0,1,0,0,0,0,1,0,0,0,0
2025/5/19,21,0,0,0,0,0,0,0,0,0,0,0,0,0,0,0,0,0,0,0,0
2025/5/19,22,1,0,0,0,1,0,0,0,0,1,0,0,0,1,0,0,0,0,0,0
2025/5/19,23,2,0,0,0,0,2,0,0,0,0,2,0,0,0,0,0,0,0,1,1
2025/5/19,24,0,0,0,0,0,0,0,0,0,0,0,0,0,0,0,0,0,0,0,0
2025/5/19,25,1,0,0,0,0,1,0,0,0,0,1,0,0,0,0,0,0,1,0,0
2025/5/19,26,2,0,0,0,1,1,0,0,0,1,1,0,0,1,0,0,0,0,1,0
2025/5/19,27,4,0,0,0,1,3,0,0,0,1,3,0,1,2,0,0,0,0,1,0
2025/5/19,28,4,0,0,0,0,4,0,0,1,1,2,0,0,0,0,0,1,1,2,0
2025/5/19,29,0,0,0,0,0,0,0,0,0,0,0,0,0,0,0,0,0,0,0,0
2025/5/19,30,1,0,0,0,0,1,0,0,0,0,1,0,0,0,0,0,0,1,0,0
2025/5/19,31,1,0,0,0,0,1,0,0,0,0,1,0,0,0,0,0,0,0,1,0
2025/5/19,32,2,0,0,0,0,2,0,0,0,1,1,0,0,1,0,0,0,0,1,0
2025/5/19,33,0,0,0,0,0,0,0,0,0,0,0,0,0,0,0,0,0,0,0,0
2025/5/19,34,1,0,0,0,1,0,0,0,0,0,1,0,1,0,0,0,0,0,0,0
2025/5/19,35,0,0,0,0,0,0,0,0,0,0,0,0,0,0,0,0,0,0,0,0
2025/5/19,36,1,0,0,1,0,0,0,0,0,1,0,0,0,0,0,1,0,0,0,0
2025/5/19,37,1,0,0,0,0,1,0,0,0,0,1,0,0,0,0,0,0,0,1,0
2025/5/19,38,1,0,0,0,1,0,0,0,0,0,1,0,0,0,1,0,0,0,0,0
2025/5/19,39,0,0,0,0,0,0,0,0,0,0,0,0,0,0,0,0,0,0,0,0
2025/5/19,40,6,0,0,2,2,2,0,0,0,1,5,0,2,0,0,2,0,1,1,0
2025/5/19,41,2,0,0,0,0,2,0,0,1,0,1,0,0,0,0,0,1,1,0,0
2025/5/19,42,1,0,0,0,0,1,0,0,0,0,1,0,1,0,0,0,0,0,0,0
2025/5/19,43,1,0,0,0,1,0,0,0,0,0,1,0,0,1,0,0,0,0,0,0
2025/5/19,44,1,0,0,1,0,0,0,0,0,0,1,0,0,0,0,1,0,0,0,0
2025/5/19,45,1,0,0,0,1,0,0,0,0,0,1,0,0,0,1,0,0,0,0,0
2025/5/19,46,1,0,0,1,0,0,0,0,0,0,1,0,0,0,0,0,0,1,0,0
2025/5/19,47,9,0,0,2,3,4,0,0,0,1,8,0,4,0,0,1,1,1,2,0
2025/5/20,1,0,0,0,0,0,0,0,0,0,0,0,0,0,0,0,0,0,0,0,0
2025/5/20,2,1,0,0,0,0,1,0,0,0,0,1,0,0,0,0,0,0,0,0,1
2025/5/20,3,1,0,0,0,0,1,0,0,0,0,1,0,0,0,0,0,0,0,1,0
2025/5/20,4,1,0,0,1,0,0,0,0,0,1,0,0,0,0,0,1,0,0,0,0
2025/5/20,5,0,0,0,0,0,0,0,0,0,0,0,0,0,0,0,0,0,0,0,0
2025/5/20,6,0,0,0,0,0,0,0,0,0,0,0,0,0,0,0,0,0,0,0,0
2025/5/20,7,2,0,0,0,1,1,0,0,0,0,2,0,0,0,0,0,1,1,0,0
2025/5/20,8,9,0,0,0,5,4,0,0,1,4,4,0,3,0,2,0,0,3,1,0
2025/5/20,9,2,0,0,0,0,2,0,0,0,1,1,0,0,0,0,0,0,0,2,0
2025/5/20,10,8,0,0,0,3,5,0,0,3,4,1,0,5,0,0,0,1,0,1,1
2025/5/20,11,37,0,0,4,5,28,0,0,0,12,25,0,8,3,0,1,5,7,11,2
2025/5/20,12,11,0,0,3,1,7,0,0,0,4,7,0,3,0,0,3,0,3,2,0
2025/5/20,13,45,0,1,7,15,22,0,0,1,14,30,0,11,6,0,8,7,4,9,0
2025/5/20,14,7,0,1,2,1,3,0,0,3,0,4,0,1,1,0,3,0,0,2,0
2025/5/20,15,0,0,0,0,0,0,0,0,0,0,0,0,0,0,0,0,0,0,0,0
2025/5/20,16,0,0,0,0,0,0,0,0,0,0,0,0,0,0,0,0,0,0,0,0
2025/5/20,17,1,0,0,0,0,1,0,0,0,0,1,0,0,0,0,0,0,0,1,0
2025/5/20,18,2,0,0,0,1,1,0,0,0,1,1,0,1,0,0,0,0,1,0,0
2025/5/20,19,4,0,0,0,0,4,0,0,0,1,2,1,3,0,0,0,0,0,0,1
2025/5/20,20,7,0,0,1,3,3,0,0,0,3,4,0,1,2,0,1,0,0,2,1
2025/5/20,21,11,0,0,1,3,7,0,0,0,8,3,0,3,0,0,1,0,3,2,2
2025/5/20,22,4,0,0,0,1,3,0,0,0,3,1,0,1,1,1,0,0,0,1,0
2025/5/20,23,27,0,0,0,7,20,0,1,0,5,21,0,4,3,0,2,3,2,10,3
2025/5/20,24,5,0,0,1,2,2,0,0,0,1,4,0,1,0,0,1,0,0,1,2
2025/5/20,25,5,0,0,0,4,1,0,0,0,1,4,0,1,1,1,0,0,0,2,0
2025/5/20,26,15,0,0,0,4,11,0,0,0,5,10,0,3,0,1,0,1,1,7,2
2025/5/20,27,13,0,0,1,4,8,0,0,0,1,12,0,4,1,1,1,0,2,4,0
2025/5/20,28,11,0,0,1,3,7,0,0,0,5,6,0,5,1,0,1,1,0,3,0
2025/5/20,29,11,0,0,1,4,6,0,0,1,2,8,0,5,1,0,0,1,0,3,1
2025/5/20,30,5,0,0,1,1,3,0,0,0,0,5,0,1,1,0,1,0,1,1,0
2025/5/20,31,2,0,0,0,1,1,0,0,0,1,1,0,1,1,0,0,0,0,0,0
2025/5/20,32,6,0,0,1,0,5,0,0,0,2,4,0,2,0,0,1,0,0,1,2
2025/5/20,33,9,0,0,3,2,4,0,0,0,2,7,0,3,1,0,2,1,1,0,1
2025/5/20,34,9,0,0,0,5,4,0,0,0,2,7,0,3,2,0,0,0,0,3,1
2025/5/20,35,5,0,0,0,2,3,0,0,0,0,5,0,4,1,0,0,0,0,0,0
2025/5/20,36,1,0,0,0,0,1,0,0,0,0,1,0,0,0,0,0,0,0,1,0
2025/5/20,37,5,0,0,0,0,5,0,0,0,1,4,0,1,0,1,0,0,3,0,0
2025/5/20,38,5,0,0,1,2,2,0,0,0,2,3,0,2,2,0,1,0,0,0,0
2025/5/20,39,2,0,0,0,0,2,0,0,0,0,2,0,1,0,0,0,0,0,1,0
2025/5/20,40,17,0,0,3,5,9,0,0,1,9,7,0,2,1,1,3,1,2,5,2
2025/5/20,41,0,0,0,0,0,0,0,0,0,0,0,0,0,0,0,0,0,0,0,0
2025/5/20,42,3,0,0,0,2,1,0,0,0,2,1,0,1,2,0,0,0,0,0,0
2025/5/20,43,8,0,0,1,2,5,0,0,0,5,3,0,2,1,0,1,0,2,2,0
2025/5/20,44,11,0,0,3,1,7,0,0,1,3,7,0,3,1,1,2,0,0,2,2
2025/5/20,45,8,0,0,3,2,3,0,0,0,1,4,3,0,0,2,2,0,2,1,1
2025/5/20,46,4,0,0,0,1,3,0,0,0,1,3,0,0,0,0,1,0,0,2,1
2025/5/20,47,6,0,0,0,1,5,0,0,0,1,5,0,3,1,0,0,0,1,1,0
2025/5/21,1,1,0,0,0,1,0,0,0,0,0,0,1,0,1,0,0,0,0,0,0
2025/5/21,2,1,0,0,0,0,1,0,0,0,1,0,0,1,0,0,0,0,0,0,0
2025/5/21,3,0,0,0,0,0,0,0,0,0,0,0,0,0,0,0,0,0,0,0,0
2025/5/21,4,8,0,0,2,3,3,0,0,0,4,4,0,2,0,0,3,0,0,2,1
2025/5/21,5,1,0,0,0,1,0,0,0,0,0,1,0,0,0,1,0,0,0,0,0
2025/5/21,6,6,0,0,1,1,4,0,0,0,2,4,0,1,0,0,1,1,0,2,1
2025/5/21,7,17,0,0,0,3,14,0,0,0,6,11,0,11,0,2,0,0,0,3,1
2025/5/21,8,12,0,0,1,3,8,0,0,0,9,3,0,3,2,1,0,1,1,0,4
2025/5/21,9,10,0,0,1,2,7,0,0,0,7,3,0,8,0,1,1,0,0,0,0
2025/5/21,10,16,0,0,2,5,9,0,0,1,9,6,0,6,2,2,2,1,0,2,1
2025/5/21,11,31,0,0,1,14,16,0,0,1,12,18,0,5,8,2,0,1,4,9,2
2025/5/21,12,8,0,0,0,0,8,0,0,0,5,3,0,5,0,1,0,0,0,2,0
2025/5/21,13,26,0,0,7,12,7,0,0,0,9,17,0,8,3,0,6,5,1,3,0
2025/5/21,14,9,0,0,3,1,5,0,0,0,5,4,0,0,3,0,1,0,3,1,1
2025/5/21,15,14,0,1,1,2,10,0,0,0,7,7,0,3,0,2,2,0,1,3,3
2025/5/21,16,9,0,0,1,1,7,0,0,0,4,5,0,2,1,0,1,2,1,2,0
2025/5/21,17,15,0,0,0,2,13,0,0,1,7,7,0,8,0,1,0,0,1,4,1
2025/5/21,18,9,0,0,1,1,7,0,0,1,3,5,0,3,1,0,1,0,1,3,0
2025/5/21,19,3,0,0,0,1,2,0,0,0,2,1,0,1,0,1,0,0,1,0,0
2025/5/21,20,17,0,0,2,5,10,0,0,2,5,10,0,7,1,0,1,1,2,4,1
2025/5/21,21,10,0,1,1,2,6,0,0,0,3,7,0,2,1,1,2,2,1,1,0
2025/5/21,22,2,0,0,1,0,1,0,0,0,0,2,0,0,0,0,0,2,0,0,0
2025/5/21,23,29,0,1,1,13,14,0,0,1,7,21,0,9,5,0,1,3,1,7,3
2025/5/21,24,6,0,0,0,0,6,0,0,0,1,5,0,1,2,0,0,0,0,2,1
2025/5/21,25,7,0,0,0,3,4,0,0,0,2,5,0,1,3,0,0,0,0,2,1
2025/5/21,26,11,0,0,0,2,9,0,0,0,2,9,0,2,2,0,0,0,0,7,0
2025/5/21,27,17,0,0,1,3,13,0,0,0,4,13,0,8,2,0,1,2,0,3,1
2025/5/21,28,15,0,2,2,1,10,0,0,0,1,14,0,3,1,1,3,1,1,2,3
2025/5/21,29,4,0,0,0,2,2,0,0,0,1,3,0,1,1,0,0,0,0,1,1
2025/5/21,30,2,0,0,2,0,0,0,0,0,0,2,0,0,0,0,2,0,0,0,0
2025/5/21,31,4,0,1,1,2,0,0,0,0,3,1,0,1,1,0,2,0,0,0,0
2025/5/21,32,1,0,0,0,0,1,0,0,0,0,1,0,0,0,0,0,0,0,1,0
2025/5/21,33,7,0,0,2,2,3,0,0,0,2,5,0,2,0,1,2,0,0,2,0
2025/5/21,34,5,0,1,1,2,1,0,0,0,0,5,0,1,1,0,2,0,0,1,0
2025/5/21,35,0,0,0,0,0,0,0,0,0,0,0,0,0,0,0,0,0,0,0,0
2025/5/21,36,1,0,0,0,1,0,0,0,0,0,1,0,0,1,0,0,0,0,0,0
2025/5/21,37,1,0,0,0,0,1,0,0,0,1,0,0,1,0,0,0,0,0,0,0
2025/5/21,38,1,0,0,1,0,0,0,0,0,0,1,0,1,0,0,0,0,0,0,0
2025/5/21,39,0,0,0,0,0,0,0,0,0,0,0,0,0,0,0,0,0,0,0,0
2025/5/21,40,1,0,0,0,0,1,0,0,0,1,0,0,1,0,0,0,0,0,0,0
2025/5/21,41,1,0,0,0,0,1,0,0,0,0,1,0,1,0,0,0,0,0,0,0
2025/5/21,42,1,0,0,0,1,0,0,0,0,1,0,0,0,1,0,0,0,0,0,0
2025/5/21,43,1,0,0,0,0,1,0,0,0,1,0,0,1,0,0,0,0,0,0,0
2025/5/21,44,0,0,0,0,0,0,0,0,0,0,0,0,0,0,0,0,0,0,0,0
2025/5/21,45,1,0,0,0,1,0,0,0,0,0,1,0,0,0,1,0,0,0,0,0
2025/5/21,46,2,0,0,2,0,0,0,0,0,0,2,0,0,0,0,2,0,0,0,0
2025/5/21,47,17,0,1,2,3,11,0,0,1,3,13,0,5,2,0,3,2,2,3,0
2025/5/22,1,0,0,0,0,0,0,0,0,0,0,0,0,0,0,0,0,0,0,0,0
2025/5/22,2,0,0,0,0,0,0,0,0,0,0,0,0,0,0,0,0,0,0,0,0
2025/5/22,3,0,0,0,0,0,0,0,0,0,0,0,0,0,0,0,0,0,0,0,0
2025/5/22,4,0,0,0,0,0,0,0,0,0,0,0,0,0,0,0,0,0,0,0,0
2025/5/22,5,0,0,0,0,0,0,0,0,0,0,0,0,0,0,0,0,0,0,0,0
2025/5/22,6,0,0,0,0,0,0,0,0,0,0,0,0,0,0,0,0,0,0,0,0
2025/5/22,7,4,0,0,0,0,4,0,0,1,0,3,0,2,0,0,0,0,1,1,0
2025/5/22,8,0,0,0,0,0,0,0,0,0,0,0,0,0,0,0,0,0,0,0,0
2025/5/22,9,3,0,0,2,1,0,0,0,0,1,2,0,0,1,0,2,0,0,0,0
2025/5/22,10,7,0,0,2,2,3,0,0,1,5,1,0,4,0,0,2,0,0,0,1
2025/5/22,11,19,0,0,0,0,19,0,0,1,11,7,0,8,0,0,0,2,2,7,0
2025/5/22,12,2,0,0,1,1,0,0,0,0,0,2,0,0,1,0,1,0,0,0,0
2025/5/22,13,17,0,0,0,2,15,0,0,0,7,10,0,6,0,0,0,3,2,5,1
2025/5/22,14,3,0,0,0,1,2,0,0,0,2,1,0,1,0,0,0,0,1,1,0
2025/5/22,15,0,0,0,0,0,0,0,0,0,0,0,0,0,0,0,0,0,0,0,0
2025/5/22,16,0,0,0,0,0,0,0,0,0,0,0,0,0,0,0,0,0,0,0,0
2025/5/22,17,0,0,0,0,0,0,0,0,0,0,0,0,0,0,0,0,0,0,0,0
2025/5/22,18,1,0,0,1,0,0,0,0,0,0,1,0,0,0,0,1,0,0,0,0
2025/5/22,19,2,0,0,1,0,1,0,0,0,0,2,0,0,1,0,1,0,0,0,0
2025/5/22,20,1,0,0,0,0,1,0,0,0,1,0,0,1,0,0,0,0,0,0,0
2025/5/22,21,3,0,0,0,0,3,0,0,0,2,1,0,3,0,0,0,0,0,0,0
2025/5/22,22,5,0,0,1,2,2,0,0,0,1,4,0,2,1,0,1,0,0,1,0
2025/5/22,23,24,0,3,5,6,10,0,0,0,4,20,0,6,2,0,5,1,5,3,2
2025/5/22,24,5,0,0,0,3,2,0,0,1,0,4,0,0,2,0,0,0,0,2,1
2025/5/22,25,1,0,0,1,0,0,0,0,0,0,1,0,0,0,0,1,0,0,0,0
2025/5/22,26,5,0,0,0,2,3,0,0,0,2,3,0,1,1,0,0,1,0,2,0
2025/5/22,27,15,0,1,1,4,9,0,0,0,4,11,0,4,3,0,1,0,5,2,0
2025/5/22,28,9,0,0,1,2,6,0,0,0,3,6,0,3,2,0,0,0,0,4,0
2025/5/22,29,2,0,0,0,1,1,0,0,0,1,1,0,2,0,0,0,0,0,0,0
2025/5/22,30,0,0,0,0,0,0,0,0,0,0,0,0,0,0,0,0,0,0,0,0
2025/5/22,31,0,0,0,0,0,0,0,0,0,0,0,0,0,0,0,0,0,0,0,0
2025/5/22,32,0,0,0,0,0,0,0,0,0,0,0,0,0,0,0,0,0,0,0,0
2025/5/22,33,4,0,0,0,1,3,0,0,0,0,4,0,0,1,0,0,0,1,1,1
2025/5/22,34,4,0,0,1,2,1,0,0,0,1,3,0,2,0,0,2,0,0,0,0
2025/5/22,35,1,0,0,0,0,1,0,0,0,0,1,0,0,0,0,0,0,1,0,0
2025/5/22,36,0,0,0,0,0,0,0,0,0,0,0,0,0,0,0,0,0,0,0,0
2025/5/22,37,1,0,0,0,0,1,0,0,0,0,1,0,0,0,0,0,1,0,0,0
2025/5/22,38,1,0,0,0,1,0,0,0,0,0,1,0,0,1,0,0,0,0,0,0
2025/5/22,39,2,0,0,1,1,0,0,0,0,0,2,0,1,1,0,0,0,0,0,0
2025/5/22,40,0,0,0,0,0,0,0,0,0,0,0,0,0,0,0,0,0,0,0,0
2025/5/22,41,1,0,0,1,0,0,0,0,0,0,1,0,0,0,0,0,0,1,0,0
2025/5/22,42,0,0,0,0,0,0,0,0,0,0,0,0,0,0,0,0,0,0,0,0
2025/5/22,43,5,0,0,0,1,4,0,0,0,5,0,0,3,0,0,0,1,0,1,0
2025/5/22,44,3,0,0,0,0,3,0,0,0,2,1,0,1,0,0,0,1,0,1,0
2025/5/22,45,14,0,0,8,1,5,0,0,0,4,10,0,4,0,0,8,0,1,1,0
2025/5/22,46,6,0,0,2,1,3,0,0,0,1,5,0,2,0,0,2,0,0,2,0
2025/5/22,47,3,0,0,0,2,1,0,0,0,1,2,0,2,0,0,0,0,1,0,0
2025/5/23,1,2,0,0,1,1,0,0,0,0,0,2,0,0,1,0,0,0,0,1,0
2025/5/23,2,1,0,0,1,0,0,0,0,0,1,0,0,0,0,0,0,0,1,0,0
2025/5/23,3,1,0,0,0,1,0,0,0,0,0,1,0,0,0,0,0,0,1,0,0
2025/5/23,4,1,0,0,0,0,1,0,0,0,1,0,0,1,0,0,0,0,0,0,0
2025/5/23,5,0,0,0,0,0,0,0,0,0,0,0,0,0,0,0,0,0,0,0,0
2025/5/23,6,0,0,0,0,0,0,0,0,0,0,0,0,0,0,0,0,0,0,0,0
2025/5/23,7,3,0,0,0,1,2,0,0,0,2,1,0,2,0,1,0,0,0,0,0
2025/5/23,8,1,0,0,0,0,1,0,0,0,0,1,0,0,0,0,0,0,0,1,0
2025/5/23,9,2,0,0,0,0,2,0,0,0,2,0,0,2,0,0,0,0,0,0,0
2025/5/23,10,1,0,0,0,0,1,0,0,0,1,0,0,1,0,0,0,0,0,0,0
2025/5/23,11,8,0,0,2,1,5,0,0,0,4,4,0,5,0,0,0,1,1,0,1
2025/5/23,12,1,0,1,0,0,0,0,0,0,0,1,0,0,0,0,1,0,0,0,0
2025/5/23,13,0,0,0,0,0,0,0,0,0,0,0,0,0,0,0,0,0,0,0,0
2025/5/23,14,1,0,0,0,1,0,0,0,0,0,1,0,0,0,0,0,0,0,0,1
2025/5/23,15,0,0,0,0,0,0,0,0,0,0,0,0,0,0,0,0,0,0,0,0
2025/5/23,16,2,0,0,0,1,1,0,0,0,0,2,0,0,0,1,0,0,0,1,0
2025/5/23,17,0,0,0,0,0,0,0,0,0,0,0,0,0,0,0,0,0,0,0,0
2025/5/23,18,2,0,0,0,0,2,0,0,1,1,0,0,1,0,0,0,0,1,0,0
2025/5/23,19,3,0,0,1,0,2,0,0,0,1,2,0,2,0,0,1,0,0,0,0
2025/5/23,20,2,0,0,0,0,2,0,0,0,0,2,0,1,0,0,0,0,0,0,1
2025/5/23,21,2,0,0,0,0,2,0,0,0,1,1,0,1,0,0,0,0,0,0,1
2025/5/23,22,2,0,0,0,1,1,0,0,0,2,0,0,2,0,0,0,0,0,0,0
2025/5/23,23,5,0,0,0,0,5,0,0,0,1,4,0,2,0,0,0,1,0,1,1
2025/5/23,24,1,0,0,0,0,1,0,0,0,0,1,0,0,1,0,0,0,0,0,0
2025/5/23,25,1,0,0,0,0,1,0,0,0,0,1,0,1,0,0,0,0,0,0,0
2025/5/23,26,0,0,0,0,0,0,0,0,0,0,0,0,0,0,0,0,0,0,0,0
2025/5/23,27,8,0,0,2,2,4,0,0,0,1,7,0,0,2,0,1,0,3,2,0
2025/5/23,28,2,0,0,0,0,2,0,0,0,1,1,0,2,0,0,0,0,0,0,0
2025/5/23,29,2,0,0,1,0,1,0,0,0,0,2,0,0,0,0,1,1,0,0,0
2025/5/23,30,0,0,0,0,0,0,0,0,0,0,0,0,0,0,0,0,0,0,0,0
2025/5/23,31,0,0,0,0,0,0,0,0,0,0,0,0,0,0,0,0,0,0,0,0
2025/5/23,32,0,0,0,0,0,0,0,0,0,0,0,0,0,0,0,0,0,0,0,0
2025/5/23,33,0,0,0,0,0,0,0,0,0,0,0,0,0,0,0,0,0,0,0,0
2025/5/23,34,1,0,0,0,0,1,0,0,1,0,0,0,1,0,0,0,0,0,0,0
2025/5/23,35,0,0,0,0,0,0,0,0,0,0,0,0,0,0,0,0,0,0,0,0
2025/5/23,36,0,0,0,0,0,0,0,0,0,0,0,0,0,0,0,0,0,0,0,0
2025/5/23,37,0,0,0,0,0,0,0,0,0,0,0,0,0,0,0,0,0,0,0,0
2025/5/23,38,5,0,0,1,0,4,0,0,0,0,5,0,2,0,0,0,0,0,2,1
2025/5/23,39,0,0,0,0,0,0,0,0,0,0,0,0,0,0,0,0,0,0,0,0
2025/5/23,40,9,0,0,3,1,5,0,0,1,2,6,0,0,1,0,2,0,1,4,1
2025/5/23,41,4,0,0,2,2,0,0,0,0,1,3,0,2,1,0,1,0,0,0,0
2025/5/23,42,3,0,0,1,1,1,0,0,0,0,3,0,0,2,0,1,0,0,0,0
2025/5/23,43,3,0,0,1,0,2,0,0,0,2,0,1,0,0,0,1,0,1,1,0
2025/5/23,44,2,0,0,1,1,0,0,0,0,1,1,0,0,1,0,1,0,0,0,0
2025/5/23,45,2,0,0,0,0,2,0,0,0,0,2,0,1,0,0,0,1,0,0,0
2025/5/23,46,3,0,0,0,1,2,0,0,0,1,2,0,1,1,0,0,0,1,0,0
2025/5/23,47,10,0,0,0,1,9,0,0,0,1,9,0,6,1,0,0,0,0,2,1
2025/5/24,1,1,0,0,0,0,1,0,0,1,0,0,0,0,0,1,0,0,0,0,0
2025/5/24,2,0,0,0,0,0,0,0,0,0,0,0,0,0,0,0,0,0,0,0,0
2025/5/24,3,0,0,0,0,0,0,0,0,0,0,0,0,0,0,0,0,0,0,0,0
2025/5/24,4,0,0,0,0,0,0,0,0,0,0,0,0,0,0,0,0,0,0,0,0
2025/5/24,5,0,0,0,0,0,0,0,0,0,0,0,0,0,0,0,0,0,0,0,0
2025/5/24,6,0,0,0,0,0,0,0,0,0,0,0,0,0,0,0,0,0,0,0,0
2025/5/24,7,1,0,0,0,0,1,0,0,0,0,1,0,1,0,0,0,0,0,0,0
2025/5/24,8,0,0,0,0,0,0,0,0,0,0,0,0,0,0,0,0,0,0,0,0
2025/5/24,9,0,0,0,0,0,0,0,0,0,0,0,0,0,0,0,0,0,0,0,0
2025/5/24,10,0,0,0,0,0,0,0,0,0,0,0,0,0,0,0,0,0,0,0,0
2025/5/24,11,1,0,0,0,0,1,0,0,0,0,1,0,0,0,0,0,1,0,0,0
2025/5/24,12,3,0,0,0,1,2,0,0,1,1,1,0,2,0,0,0,1,0,0,0
2025/5/24,13,0,0,0,0,0,0,0,0,0,0,0,0,0,0,0,0,0,0,0,0
2025/5/24,14,0,0,0,0,0,0,0,0,0,0,0,0,0,0,0,0,0,0,0,0
2025/5/24,15,1,0,0,0,0,1,0,0,0,0,1,0,0,0,0,0,0,0,0,1
2025/5/24,16,0,0,0,0,0,0,0,0,0,0,0,0,0,0,0,0,0,0,0,0
2025/5/24,17,0,0,0,0,0,0,0,0,0,0,0,0,0,0,0,0,0,0,0,0
2025/5/24,18,0,0,0,0,0,0,0,0,0,0,0,0,0,0,0,0,0,0,0,0
2025/5/24,19,0,0,0,0,0,0,0,0,0,0,0,0,0,0,0,0,0,0,0,0
2025/5/24,20,1,0,0,0,0,1,0,0,0,1,0,0,1,0,0,0,0,0,0,0
2025/5/24,21,0,0,0,0,0,0,0,0,0,0,0,0,0,0,0,0,0,0,0,0
2025/5/24,22,2,0,0,0,1,1,0,0,0,0,2,0,0,0,0,0,0,0,2,0
2025/5/24,23,1,0,0,0,0,1,0,0,0,1,0,0,1,0,0,0,0,0,0,0
2025/5/24,24,0,0,0,0,0,0,0,0,0,0,0,0,0,0,0,0,0,0,0,0
2025/5/24,25,0,0,0,0,0,0,0,0,0,0,0,0,0,0,0,0,0,0,0,0
2025/5/24,26,1,0,0,0,0,1,0,0,0,0,1,0,1,0,0,0,0,0,0,0
2025/5/24,27,0,0,0,0,0,0,0,0,0,0,0,0,0,0,0,0,0,0,0,0
2025/5/24,28,1,0,0,0,1,0,0,0,0,0,1,0,0,0,0,0,1,0,0,0
2025/5/24,29,0,0,0,0,0,0,0,0,0,0,0,0,0,0,0,0,0,0,0,0
2025/5/24,30,0,0,0,0,0,0,0,0,0,0,0,0,0,0,0,0,0,0,0,0
2025/5/24,31,0,0,0,0,0,0,0,0,0,0,0,0,0,0,0,0,0,0,0,0
2025/5/24,32,0,0,0,0,0,0,0,0,0,0,0,0,0,0,0,0,0,0,0,0
2025/5/24,33,1,0,0,1,0,0,0,0,0,0,1,0,0,0,0,1,0,0,0,0
2025/5/24,34,0,0,0,0,0,0,0,0,0,0,0,0,0,0,0,0,0,0,0,0
2025/5/24,35,0,0,0,0,0,0,0,0,0,0,0,0,0,0,0,0,0,0,0,0
2025/5/24,36,0,0,0,0,0,0,0,0,0,0,0,0,0,0,0,0,0,0,0,0
2025/5/24,37,0,0,0,0,0,0,0,0,0,0,0,0,0,0,0,0,0,0,0,0
2025/5/24,38,0,0,0,0,0,0,0,0,0,0,0,0,0,0,0,0,0,0,0,0
2025/5/24,39,0,0,0,0,0,0,0,0,0,0,0,0,0,0,0,0,0,0,0,0
2025/5/24,40,1,0,0,1,0,0,0,0,0,0,1,0,0,0,0,1,0,0,0,0
2025/5/24,41,0,0,0,0,0,0,0,0,0,0,0,0,0,0,0,0,0,0,0,0
2025/5/24,42,0,0,0,0,0,0,0,0,0,0,0,0,0,0,0,0,0,0,0,0
2025/5/24,43,2,0,0,2,0,0,0,0,0,1,1,0,0,0,0,2,0,0,0,0
2025/5/24,44,0,0,0,0,0,0,0,0,0,0,0,0,0,0,0,0,0,0,0,0
2025/5/24,45,1,0,0,1,0,0,0,0,0,0,1,0,0,0,0,0,1,0,0,0
2025/5/24,46,1,0,0,0,0,1,0,0,0,0,1,0,1,0,0,0,0,0,0,0
2025/5/24,47,2,0,0,1,1,0,0,0,0,0,2,0,1,0,0,0,0,0,1,0
2025/5/25,1,0,0,0,0,0,0,0,0,0,0,0,0,0,0,0,0,0,0,0,0
2025/5/25,2,0,0,0,0,0,0,0,0,0,0,0,0,0,0,0,0,0,0,0,0
2025/5/25,3,0,0,0,0,0,0,0,0,0,0,0,0,0,0,0,0,0,0,0,0
2025/5/25,4,0,0,0,0,0,0,0,0,0,0,0,0,0,0,0,0,0,0,0,0
2025/5/25,5,0,0,0,0,0,0,0,0,0,0,0,0,0,0,0,0,0,0,0,0
2025/5/25,6,0,0,0,0,0,0,0,0,0,0,0,0,0,0,0,0,0,0,0,0
2025/5/25,7,0,0,0,0,0,0,0,0,0,0,0,0,0,0,0,0,0,0,0,0
2025/5/25,8,0,0,0,0,0,0,0,0,0,0,0,0,0,0,0,0,0,0,0,0
2025/5/25,9,1,0,0,0,1,0,0,0,0,0,1,0,0,0,0,0,0,1,0,0
2025/5/25,10,1,0,0,0,0,1,0,0,0,0,1,0,0,0,0,0,0,1,0,0
2025/5/25,11,0,0,0,0,0,0,0,0,0,0,0,0,0,0,0,0,0,0,0,0
2025/5/25,12,2,0,0,0,2,0,0,0,0,0,2,0,1,0,0,0,1,0,0,0
2025/5/25,13,0,0,0,0,0,0,0,0,0,0,0,0,0,0,0,0,0,0,0,0
2025/5/25,14,1,0,0,0,0,1,0,0,1,0,0,0,1,0,0,0,0,0,0,0
2025/5/25,15,0,0,0,0,0,0,0,0,0,0,0,0,0,0,0,0,0,0,0,0
2025/5/25,16,0,0,0,0,0,0,0,0,0,0,0,0,0,0,0,0,0,0,0,0
2025/5/25,17,0,0,0,0,0,0,0,0,0,0,0,0,0,0,0,0,0,0,0,0
2025/5/25,18,0,0,0,0,0,0,0,0,0,0,0,0,0,0,0,0,0,0,0,0
2025/5/25,19,1,0,0,0,1,0,0,0,0,0,1,0,0,0,0,0,1,0,0,0
2025/5/25,20,1,0,0,0,0,1,0,0,0,0,1,0,1,0,0,0,0,0,0,0
2025/5/25,21,0,0,0,0,0,0,0,0,0,0,0,0,0,0,0,0,0,0,0,0
2025/5/25,22,2,0,0,0,1,1,0,0,0,0,2,0,1,0,0,0,1,0,0,0
2025/5/25,23,2,0,0,1,0,1,0,0,0,0,2,0,0,0,0,0,0,2,0,0
2025/5/25,24,2,0,0,1,0,1,0,0,0,1,1,0,0,0,0,1,1,0,0,0
2025/5/25,25,0,0,0,0,0,0,0,0,0,0,0,0,0,0,0,0,0,0,0,0
2025/5/25,26,0,0,0,0,0,0,0,0,0,0,0,0,0,0,0,0,0,0,0,0
2025/5/25,27,2,0,0,0,0,2,0,0,0,1,1,0,1,0,0,0,1,0,0,0
2025/5/25,28,2,0,0,0,1,1,0,0,0,0,2,0,1,0,0,0,0,0,0,1
2025/5/25,29,0,0,0,0,0,0,0,0,0,0,0,0,0,0,0,0,0,0,0,0
2025/5/25,30,1,0,0,0,1,0,0,0,0,0,1,0,0,0,0,0,0,0,0,1
2025/5/25,31,0,0,0,0,0,0,0,0,0,0,0,0,0,0,0,0,0,0,0,0
2025/5/25,32,0,0,0,0,0,0,0,0,0,0,0,0,0,0,0,0,0,0,0,0
2025/5/25,33,1,0,0,0,0,1,0,0,0,0,1,0,0,0,0,0,0,1,0,0
2025/5/25,34,0,0,0,0,0,0,0,0,0,0,0,0,0,0,0,0,0,0,0,0
2025/5/25,35,0,0,0,0,0,0,0,0,0,0,0,0,0,0,0,0,0,0,0,0
2025/5/25,36,0,0,0,0,0,0,0,0,0,0,0,0,0,0,0,0,0,0,0,0
2025/5/25,37,1,0,0,0,1,0,0,0,0,0,1,0,0,0,0,0,0,0,0,1
2025/5/25,38,0,0,0,0,0,0,0,0,0,0,0,0,0,0,0,0,0,0,0,0
2025/5/25,39,2,0,0,1,0,1,0,0,0,0,2,0,2,0,0,0,0,0,0,0
2025/5/25,40,0,0,0,0,0,0,0,0,0,0,0,0,0,0,0,0,0,0,0,0
2025/5/25,41,0,0,0,0,0,0,0,0,0,0,0,0,0,0,0,0,0,0,0,0
2025/5/25,42,3,0,0,1,1,1,0,0,0,2,1,0,0,1,0,1,0,0,0,1
2025/5/25,43,0,0,0,0,0,0,0,0,0,0,0,0,0,0,0,0,0,0,0,0
2025/5/25,44,0,0,0,0,0,0,0,0,0,0,0,0,0,0,0,0,0,0,0,0
2025/5/25,45,4,0,0,0,1,3,0,0,0,3,1,0,2,0,0,0,0,1,1,0
2025/5/25,46,2,0,0,0,0,2,0,0,0,1,1,0,0,0,0,0,1,0,1,0
2025/5/25,47,0,0,0,0,0,0,0,0,0,0,0,0,0,0,0,0,0,0,0,0
2025/5/26,1,0,0,0,0,0,0,0,0,0,0,0,0,0,0,0,0,0,0,0,0
2025/5/26,2,0,0,0,0,0,0,0,0,0,0,0,0,0,0,0,0,0,0,0,0
2025/5/26,3,3,0,0,2,0,1,0,0,0,1,2,0,0,0,0,0,0,2,1,0
2025/5/26,4,0,0,0,0,0,0,0,0,0,0,0,0,0,0,0,0,0,0,0,0
2025/5/26,5,0,0,0,0,0,0,0,0,0,0,0,0,0,0,0,0,0,0,0,0
2025/5/26,6,0,0,0,0,0,0,0,0,0,0,0,0,0,0,0,0,0,0,0,0
2025/5/26,7,0,0,0,0,0,0,0,0,0,0,0,0,0,0,0,0,0,0,0,0
2025/5/26,8,0,0,0,0,0,0,0,0,0,0,0,0,0,0,0,0,0,0,0,0
2025/5/26,9,0,0,0,0,0,0,0,0,0,0,0,0,0,0,0,0,0,0,0,0
2025/5/26,10,2,0,0,2,0,0,0,0,0,1,1,0,0,0,0,2,0,0,0,0
2025/5/26,11,2,0,0,0,1,1,0,0,0,0,2,0,0,1,0,0,0,0,1,0
2025/5/26,12,0,0,0,0,0,0,0,0,0,0,0,0,0,0,0,0,0,0,0,0
2025/5/26,13,1,0,0,0,0,1,0,0,0,0,1,0,0,0,0,0,0,1,0,0
2025/5/26,14,3,0,0,1,2,0,0,0,1,2,0,0,0,2,0,1,0,0,0,0
2025/5/26,15,0,0,0,0,0,0,0,0,0,0,0,0,0,0,0,0,0,0,0,0
2025/5/26,16,0,0,0,0,0,0,0,0,0,0,0,0,0,0,0,0,0,0,0,0
2025/5/26,17,0,0,0,0,0,0,0,0,0,0,0,0,0,0,0,0,0,0,0,0
2025/5/26,18,0,0,0,0,0,0,0,0,0,0,0,0,0,0,0,0,0,0,0,0
2025/5/26,19,0,0,0,0,0,0,0,0,0,0,0,0,0,0,0,0,0,0,0,0
2025/5/26,20,0,0,0,0,0,0,0,0,0,0,0,0,0,0,0,0,0,0,0,0
2025/5/26,21,0,0,0,0,0,0,0,0,0,0,0,0,0,0,0,0,0,0,0,0
2025/5/26,22,2,0,0,0,2,0,0,0,0,0,2,0,0,2,0,0,0,0,0,0
2025/5/26,23,1,0,0,0,1,0,0,0,0,0,1,0,0,1,0,0,0,0,0,0
2025/5/26,24,0,0,0,0,0,0,0,0,0,0,0,0,0,0,0,0,0,0,0,0
2025/5/26,25,0,0,0,0,0,0,0,0,0,0,0,0,0,0,0,0,0,0,0,0
2025/5/26,26,0,0,0,0,0,0,0,0,0,0,0,0,0,0,0,0,0,0,0,0
2025/5/26,27,2,0,0,0,0,2,0,0,0,1,1,0,1,0,1,0,0,0,0,0
2025/5/26,28,1,0,0,0,0,1,0,0,0,0,1,0,1,0,0,0,0,0,0,0
2025/5/26,29,0,0,0,0,0,0,0,0,0,0,0,0,0,0,0,0,0,0,0,0
2025/5/26,30,0,0,0,0,0,0,0,0,0,0,0,0,0,0,0,0,0,0,0,0
2025/5/26,31,0,0,0,0,0,0,0,0,0,0,0,0,0,0,0,0,0,0,0,0
2025/5/26,32,1,0,0,0,0,1,0,0,0,1,0,0,1,0,0,0,0,0,0,0
2025/5/26,33,1,0,0,1,0,0,0,0,0,0,1,0,0,0,0,1,0,0,0,0
2025/5/26,34,1,0,0,0,0,1,0,0,0,1,0,0,0,0,0,0,0,0,1,0
2025/5/26,35,1,0,0,0,0,1,0,0,0,0,1,0,0,1,0,0,0,0,0,0
2025/5/26,36,0,0,0,0,0,0,0,0,0,0,0,0,0,0,0,0,0,0,0,0
2025/5/26,37,0,0,0,0,0,0,0,0,0,0,0,0,0,0,0,0,0,0,0,0
2025/5/26,38,0,0,0,0,0,0,0,0,0,0,0,0,0,0,0,0,0,0,0,0
2025/5/26,39,0,0,0,0,0,0,0,0,0,0,0,0,0,0,0,0,0,0,0,0
2025/5/26,40,2,0,0,1,0,1,0,0,0,2,0,0,1,0,0,0,0,1,0,0
2025/5/26,41,1,0,0,0,0,1,0,0,0,0,1,0,1,0,0,0,0,0,0,0
2025/5/26,42,3,0,0,1,1,1,0,0,1,1,1,0,0,0,0,0,0,0,2,1
2025/5/26,43,0,0,0,0,0,0,0,0,0,0,0,0,0,0,0,0,0,0,0,0
2025/5/26,44,1,0,0,0,0,1,0,0,0,1,0,0,0,0,0,0,0,0,0,1
2025/5/26,45,0,0,0,0,0,0,0,0,0,0,0,0,0,0,0,0,0,0,0,0
2025/5/26,46,0,0,0,0,0,0,0,0,0,0,0,0,0,0,0,0,0,0,0,0
2025/5/26,47,0,0,0,0,0,0,0,0,0,0,0,0,0,0,0,0,0,0,0,0
2025/5/27,1,1,0,0,0,0,1,0,0,0,0,1,0,1,0,0,0,0,0,0,0
2025/5/27,2,0,0,0,0,0,0,0,0,0,0,0,0,0,0,0,0,0,0,0,0
2025/5/27,3,0,0,0,0,0,0,0,0,0,0,0,0,0,0,0,0,0,0,0,0
2025/5/27,4,1,0,0,0,0,1,0,0,0,0,1,0,0,1,0,0,0,0,0,0
2025/5/27,5,0,0,0,0,0,0,0,0,0,0,0,0,0,0,0,0,0,0,0,0
2025/5/27,6,1,0,0,0,0,1,0,0,0,1,0,0,0,0,0,0,0,1,0,0
2025/5/27,7,0,0,0,0,0,0,0,0,0,0,0,0,0,0,0,0,0,0,0,0
2025/5/27,8,0,0,0,0,0,0,0,0,0,0,0,0,0,0,0,0,0,0,0,0
2025/5/27,9,0,0,0,0,0,0,0,0,0,0,0,0,0,0,0,0,0,0,0,0
2025/5/27,10,1,0,0,0,0,1,0,0,0,1,0,0,1,0,0,0,0,0,0,0
2025/5/27,11,4,0,0,0,2,2,0,0,0,1,3,0,2,1,0,0,0,0,1,0
2025/5/27,12,1,0,0,0,0,1,0,0,0,0,1,0,1,0,0,0,0,0,0,0
2025/5/27,13,1,0,0,1,0,0,0,0,0,0,1,0,0,0,0,0,0,1,0,0
2025/5/27,14,2,0,0,0,0,2,0,0,0,1,1,0,1,0,0,0,1,0,0,0
2025/5/27,15,3,0,0,0,1,2,0,0,0,0,3,0,0,0,1,0,1,0,1,0
2025/5/27,16,1,0,0,0,0,1,0,0,0,0,1,0,0,0,0,0,0,1,0,0
2025/5/27,17,0,0,0,0,0,0,0,0,0,0,0,0,0,0,0,0,0,0,0,0
2025/5/27,18,2,0,0,0,0,2,0,0,0,1,1,0,1,0,1,0,0,0,0,0
2025/5/27,19,0,0,0,0,0,0,0,0,0,0,0,0,0,0,0,0,0,0,0,0
2025/5/27,20,2,0,0,0,0,2,0,0,0,0,2,0,2,0,0,0,0,0,0,0
2025/5/27,21,1,0,0,0,0,1,0,0,0,0,1,0,1,0,0,0,0,0,0,0
2025/5/27,22,0,0,0,0,0,0,0,0,0,0,0,0,0,0,0,0,0,0,0,0
2025/5/27,23,1,0,0,0,1,0,0,0,0,0,1,0,0,1,0,0,0,0,0,0
2025/5/27,24,0,0,0,0,0,0,0,0,0,0,0,0,0,0,0,0,0,0,0,0
2025/5/27,25,2,0,0,0,2,0,0,0,0,0,2,0,0,2,0,0,0,0,0,0
2025/5/27,26,0,0,0,0,0,0,0,0,0,0,0,0,0,0,0,0,0,0,0,0
2025/5/27,27,1,0,0,0,0,1,0,0,0,0,1,0,0,0,0,0,0,0,1,0
2025/5/27,28,2,0,0,0,0,2,0,0,0,1,1,0,0,0,0,0,0,0,2,0
2025/5/27,29,0,0,0,0,0,0,0,0,0,0,0,0,0,0,0,0,0,0,0,0
2025/5/27,30,1,0,0,0,0,1,0,0,0,0,1,0,0,0,1,0,0,0,0,0
2025/5/27,31,0,0,0,0,0,0,0,0,0,0,0,0,0,0,0,0,0,0,0,0
2025/5/27,32,2,0,0,0,0,2,0,0,0,1,1,0,2,0,0,0,0,0,0,0
2025/5/27,33,3,0,0,0,0,3,0,0,0,1,2,0,3,0,0,0,0,0,0,0
2025/5/27,34,2,0,0,0,0,2,0,0,1,1,0,0,1,0,0,0,0,0,0,1
2025/5/27,35,4,0,0,0,2,2,0,0,0,2,2,0,1,1,0,0,0,0,0,2
2025/5/27,36,1,0,0,0,1,0,0,0,0,1,0,0,1,0,0,0,0,0,0,0
2025/5/27,37,0,0,0,0,0,0,0,0,0,0,0,0,0,0,0,0,0,0,0,0
2025/5/27,38,3,0,0,0,0,3,0,0,0,2,1,0,0,0,1,0,0,1,1,0
2025/5/27,39,0,0,0,0,0,0,0,0,0,0,0,0,0,0,0,0,0,0,0,0
2025/5/27,40,5,0,0,1,0,4,0,0,0,3,2,0,1,1,2,1,0,0,0,0
2025/5/27,41,0,0,0,0,0,0,0,0,0,0,0,0,0,0,0,0,0,0,0,0
2025/5/27,42,1,0,0,1,0,0,0,0,0,1,0,0,0,0,0,1,0,0,0,0
2025/5/27,43,3,0,0,0,0,3,0,0,0,2,1,0,0,0,0,0,0,0,1,2
2025/5/27,44,2,0,0,0,0,2,0,0,0,1,1,0,2,0,0,0,0,0,0,0
2025/5/27,45,2,0,0,0,0,2,0,0,0,1,1,0,0,0,1,0,0,0,0,1
2025/5/27,46,7,0,0,1,3,3,0,0,0,3,4,0,2,0,0,0,0,3,0,2
2025/5/27,47,4,0,0,1,1,2,0,0,0,0,4,0,1,0,0,1,0,1,1,0
2025/5/28,1,11,0,0,2,0,9,0,0,0,3,8,0,4,1,0,2,0,0,4,0
2025/5/28,2,0,0,0,0,0,0,0,0,0,0,0,0,0,0,0,0,0,0,0,0
2025/5/28,3,1,0,0,0,0,1,0,0,0,0,1,0,1,0,0,0,0,0,0,0
2025/5/28,4,3,0,0,1,2,0,0,0,0,1,2,0,0,0,0,0,2,1,0,0
2025/5/28,5,1,0,0,0,1,0,0,0,0,0,1,0,1,0,0,0,0,0,0,0
2025/5/28,6,4,0,0,0,0,4,0,0,0,0,4,0,1,0,0,0,0,0,1,2
2025/5/28,7,1,0,0,1,0,0,0,0,0,0,1,0,0,0,0,1,0,0,0,0
2025/5/28,8,1,0,0,0,1,0,0,0,0,1,0,0,0,0,0,0,1,0,0,0
2025/5/28,9,1,0,0,0,0,1,0,0,0,0,1,0,1,0,0,0,0,0,0,0
2025/5/28,10,0,0,0,0,0,0,0,0,0,0,0,0,0,0,0,0,0,0,0,0
2025/5/28,11,4,0,0,2,1,1,0,0,0,1,3,0,1,0,0,2,1,0,0,0
2025/5/28,12,1,0,0,0,0,1,0,0,0,0,1,0,0,0,0,0,0,0,0,1
2025/5/28,13,7,0,0,4,0,3,0,0,0,5,2,0,3,0,0,4,0,0,0,0
2025/5/28,14,2,0,0,0,1,1,0,0,0,0,2,0,0,0,0,0,0,0,2,0
2025/5/28,15,1,0,0,0,0,1,0,0,1,0,0,0,0,0,0,0,1,0,0,0
2025/5/28,16,2,0,0,1,1,0,0,0,0,1,1,0,0,1,0,1,0,0,0,0
2025/5/28,17,1,0,0,0,0,1,0,0,0,1,0,0,0,0,0,0,0,0,1,0
2025/5/28,18,0,0,0,0,0,0,0,0,0,0,0,0,0,0,0,0,0,0,0,0
2025/5/28,19,1,0,0,0,0,1,0,0,0,1,0,0,0,0,0,0,0,0,1,0
2025/5/28,20,1,0,0,0,0,1,0,0,0,0,1,0,0,0,0,0,0,0,0,1
2025/5/28,21,1,0,0,0,0,1,0,0,0,0,1,0,1,0,0,0,0,0,0,0
2025/5/28,22,5,0,0,0,2,3,0,0,0,0,5,0,0,0,1,0,0,1,2,1
2025/5/28,23,5,0,0,0,0,5,0,0,0,3,2,0,2,0,0,0,0,1,2,0
2025/5/28,24,1,0,0,0,0,1,0,0,0,0,1,0,0,0,0,0,0,0,1,0
2025/5/28,25,4,0,1,1,0,2,0,0,0,0,4,0,1,0,0,2,0,0,1,0
2025/5/28,26,6,0,0,0,0,6,0,0,0,1,5,0,4,0,1,0,0,1,0,0
2025/5/28,27,6,0,0,1,1,4,0,0,0,0,6,0,1,0,0,1,0,0,4,0
2025/5/28,28,5,0,0,0,1,4,0,0,0,2,3,0,2,0,0,0,1,1,1,0
2025/5/28,29,2,0,0,0,0,2,0,0,0,0,2,0,0,0,0,0,0,0,2,0
2025/5/28,30,2,0,0,0,0,2,0,0,0,0,2,0,0,0,1,0,0,1,0,0
2025/5/28,31,1,0,0,0,0,1,0,0,0,0,1,0,0,1,0,0,0,0,0,0
2025/5/28,32,1,0,0,0,1,0,0,0,0,0,1,0,0,0,0,1,0,0,0,0
2025/5/28,33,4,0,0,0,1,3,0,0,0,2,2,0,2,0,0,0,0,1,1,0
2025/5/28,34,2,0,0,0,1,1,0,0,0,1,1,0,0,1,0,0,0,0,1,0
2025/5/28,35,3,0,0,0,2,1,0,0,0,0,3,0,0,1,0,0,0,0,1,1
2025/5/28,36,1,0,0,0,0,1,0,0,0,1,0,0,0,0,0,0,0,0,1,0
2025/5/28,37,1,0,0,0,1,0,0,0,0,0,1,0,0,0,0,0,1,0,0,0
2025/5/28,38,1,0,0,0,0,1,0,0,0,0,1,0,0,0,0,0,0,0,0,1
2025/5/28,39,1,0,0,1,0,0,0,0,0,0,1,0,0,0,0,1,0,0,0,0
2025/5/28,40,5,0,0,0,3,2,0,0,0,2,3,0,1,1,0,1,1,1,0,0
2025/5/28,41,2,0,0,0,1,1,0,0,0,2,0,0,0,1,0,0,0,0,1,0
2025/5/28,42,1,0,0,0,1,0,0,0,0,0,1,0,0,1,0,0,0,0,0,0
2025/5/28,43,1,0,0,0,0,1,0,0,0,0,1,0,0,0,0,0,0,0,1,0
2025/5/28,44,4,0,0,1,2,1,0,0,0,1,3,0,1,1,0,1,0,0,1,0
2025/5/28,45,1,0,0,0,0,1,0,0,0,1,0,0,0,0,0,0,0,0,1,0
2025/5/28,46,2,0,0,0,1,1,0,0,0,1,1,0,0,0,0,0,0,0,0,2
2025/5/28,47,6,0,0,2,0,4,0,0,0,1,5,0,0,0,1,1,1,2,0,1
2025/5/29,1,5,0,0,0,1,4,0,0,0,1,4,0,1,0,0,0,1,0,3,0
2025/5/29,2,3,0,0,0,0,3,0,0,0,0,3,0,1,0,0,0,0,1,1,0
2025/5/29,3,4,0,0,0,1,3,0,0,0,1,3,0,0,1,0,0,0,0,3,0
2025/5/29,4,1,0,0,0,1,0,0,0,0,0,1,0,0,0,0,0,1,0,0,0
2025/5/29,5,1,0,0,0,0,1,0,0,0,1,0,0,1,0,0,0,0,0,0,0
2025/5/29,6,4,0,0,1,1,2,0,0,0,0,4,0,1,0,1,0,0,2,0,0
2025/5/29,7,5,0,0,0,0,5,0,0,0,1,4,0,2,0,0,0,0,0,1,2
2025/5/29,8,1,0,0,0,0,1,0,0,0,0,1,0,1,0,0,0,0,0,0,0
2025/5/29,9,1,0,0,0,1,0,0,0,0,0,1,0,0,0,0,0,0,0,0,1
2025/5/29,10,0,0,0,0,0,0,0,0,0,0,0,0,0,0,0,0,0,0,0,0
2025/5/29,11,4,0,0,2,0,2,0,0,0,2,2,0,0,0,0,1,0,1,1,1
2025/5/29,12,1,0,0,1,0,0,0,0,0,0,1,0,0,0,0,1,0,0,0,0
2025/5/29,13,2,0,0,0,0,2,0,0,0,2,0,0,0,0,0,0,0,0,2,0
2025/5/29,14,2,0,0,2,0,0,0,0,0,0,2,0,1,0,0,1,0,0,0,0
2025/5/29,15,3,0,0,1,1,1,0,0,0,0,2,1,0,0,0,1,0,0,2,0
2025/5/29,16,0,0,0,0,0,0,0,0,0,0,0,0,0,0,0,0,0,0,0,0
2025/5/29,17,0,0,0,0,0,0,0,0,0,0,0,0,0,0,0,0,0,0,0,0
2025/5/29,18,0,0,0,0,0,0,0,0,0,0,0,0,0,0,0,0,0,0,0,0
2025/5/29,19,0,0,0,0,0,0,0,0,0,0,0,0,0,0,0,0,0,0,0,0
2025/5/29,20,0,0,0,0,0,0,0,0,0,0,0,0,0,0,0,0,0,0,0,0
2025/5/29,21,0,0,0,0,0,0,0,0,0,0,0,0,0,0,0,0,0,0,0,0
2025/5/29,22,0,0,0,0,0,0,0,0,0,0,0,0,0,0,0,0,0,0,0,0
2025/5/29,23,2,0,0,0,0,2,0,0,0,1,1,0,0,1,0,0,0,0,0,1
2025/5/29,24,1,0,0,0,1,0,0,0,0,0,1,0,0,1,0,0,0,0,0,0
2025/5/29,25,0,0,0,0,0,0,0,0,0,0,0,0,0,0,0,0,0,0,0,0
2025/5/29,26,1,0,0,0,0,1,0,0,0,0,1,0,0,0,0,0,0,0,1,0
2025/5/29,27,2,0,0,0,1,1,0,0,0,0,2,0,0,0,0,0,0,0,2,0
2025/5/29,28,0,0,0,0,0,0,0,0,0,0,0,0,0,0,0,0,0,0,0,0
2025/5/29,29,1,0,0,1,0,0,0,0,0,0,1,0,0,0,0,0,0,1,0,0
2025/5/29,30,2,0,0,0,0,2,0,0,0,0,2,0,2,0,0,0,0,0,0,0
2025/5/29,31,0,0,0,0,0,0,0,0,0,0,0,0,0,0,0,0,0,0,0,0
2025/5/29,32,1,0,0,0,0,1,0,0,0,1,0,0,0,0,0,0,0,1,0,0
2025/5/29,33,0,0,0,0,0,0,0,0,0,0,0,0,0,0,0,0,0,0,0,0
2025/5/29,34,0,0,0,0,0,0,0,0,0,0,0,0,0,0,0,0,0,0,0,0
2025/5/29,35,0,0,0,0,0,0,0,0,0,0,0,0,0,0,0,0,0,0,0,0
2025/5/29,36,1,0,0,0,1,0,0,0,0,0,1,0,1,0,0,0,0,0,0,0
2025/5/29,37,0,0,0,0,0,0,0,0,0,0,0,0,0,0,0,0,0,0,0,0
2025/5/29,38,1,0,0,0,1,0,0,0,0,0,1,0,0,0,0,0,0,0,1,0
2025/5/29,39,0,0,0,0,0,0,0,0,0,0,0,0,0,0,0,0,0,0,0,0
2025/5/29,40,2,0,0,0,1,1,0,0,0,1,1,0,1,0,0,0,0,0,1,0
2025/5/29,41,1,0,0,0,1,0,0,0,0,1,0,0,0,0,0,0,0,0,1,0
2025/5/29,42,0,0,0,0,0,0,0,0,0,0,0,0,0,0,0,0,0,0,0,0
2025/5/29,43,0,0,0,0,0,0,0,0,0,0,0,0,0,0,0,0,0,0,0,0
2025/5/29,44,0,0,0,0,0,0,0,0,0,0,0,0,0,0,0,0,0,0,0,0
2025/5/29,45,0,0,0,0,0,0,0,0,0,0,0,0,0,0,0,0,0,0,0,0
2025/5/29,46,0,0,0,0,0,0,0,0,0,0,0,0,0,0,0,0,0,0,0,0
2025/5/29,47,0,0,0,0,0,0,0,0,0,0,0,0,0,0,0,0,0,0,0,0
2025/5/30,1,10,0,0,1,0,9,0,0,0,0,10,0,5,0,0,0,0,0,3,2
2025/5/30,2,0,0,0,0,0,0,0,0,0,0,0,0,0,0,0,0,0,0,0,0
2025/5/30,3,0,0,0,0,0,0,0,0,0,0,0,0,0,0,0,0,0,0,0,0
2025/5/30,4,0,0,0,0,0,0,0,0,0,0,0,0,0,0,0,0,0,0,0,0
2025/5/30,5,1,0,0,0,0,1,0,0,0,0,1,0,1,0,0,0,0,0,0,0
2025/5/30,6,0,0,0,0,0,0,0,0,0,0,0,0,0,0,0,0,0,0,0,0
2025/5/30,7,0,0,0,0,0,0,0,0,0,0,0,0,0,0,0,0,0,0,0,0
2025/5/30,8,0,0,0,0,0,0,0,0,0,0,0,0,0,0,0,0,0,0,0,0
2025/5/30,9,0,0,0,0,0,0,0,0,0,0,0,0,0,0,0,0,0,0,0,0
2025/5/30,10,0,0,0,0,0,0,0,0,0,0,0,0,0,0,0,0,0,0,0,0
2025/5/30,11,0,0,0,0,0,0,0,0,0,0,0,0,0,0,0,0,0,0,0,0
2025/5/30,12,0,0,0,0,0,0,0,0,0,0,0,0,0,0,0,0,0,0,0,0
2025/5/30,13,0,0,0,0,0,0,0,0,0,0,0,0,0,0,0,0,0,0,0,0
2025/5/30,14,1,0,0,1,0,0,0,0,0,0,1,0,0,0,0,0,0,1,0,0
2025/5/30,15,1,0,0,0,0,1,0,0,0,0,1,0,0,0,0,0,1,0,0,0
2025/5/30,16,0,0,0,0,0,0,0,0,0,0,0,0,0,0,0,0,0,0,0,0
2025/5/30,17,0,0,0,0,0,0,0,0,0,0,0,0,0,0,0,0,0,0,0,0
2025/5/30,18,0,0,0,0,0,0,0,0,0,0,0,0,0,0,0,0,0,0,0,0
2025/5/30,19,0,0,0,0,0,0,0,0,0,0,0,0,0,0,0,0,0,0,0,0
2025/5/30,20,0,0,0,0,0,0,0,0,0,0,0,0,0,0,0,0,0,0,0,0
2025/5/30,21,0,0,0,0,0,0,0,0,0,0,0,0,0,0,0,0,0,0,0,0
2025/5/30,22,0,0,0,0,0,0,0,0,0,0,0,0,0,0,0,0,0,0,0,0
2025/5/30,23,2,0,0,1,1,0,0,0,0,0,2,0,1,0,0,0,1,0,0,0
2025/5/30,24,0,0,0,0,0,0,0,0,0,0,0,0,0,0,0,0,0,0,0,0
2025/5/30,25,0,0,0,0,0,0,0,0,0,0,0,0,0,0,0,0,0,0,0,0
2025/5/30,26,1,0,0,0,0,1,0,0,0,0,1,0,0,0,0,0,0,0,0,1
2025/5/30,27,2,0,0,0,1,1,0,0,0,0,2,0,0,0,1,1,0,0,0,0
2025/5/30,28,2,0,0,0,1,1,0,0,0,1,1,0,1,1,0,0,0,0,0,0
2025/5/30,29,0,0,0,0,0,0,0,0,0,0,0,0,0,0,0,0,0,0,0,0
2025/5/30,30,0,0,0,0,0,0,0,0,0,0,0,0,0,0,0,0,0,0,0,0
2025/5/30,31,0,0,0,0,0,0,0,0,0,0,0,0,0,0,0,0,0,0,0,0
2025/5/30,32,1,0,0,0,1,0,0,0,0,0,1,0,0,0,1,0,0,0,0,0
2025/5/30,33,0,0,0,0,0,0,0,0,0,0,0,0,0,0,0,0,0,0,0,0
2025/5/30,34,0,0,0,0,0,0,0,0,0,0,0,0,0,0,0,0,0,0,0,0
2025/5/30,35,0,0,0,0,0,0,0,0,0,0,0,0,0,0,0,0,0,0,0,0
2025/5/30,36,0,0,0,0,0,0,0,0,0,0,0,0,0,0,0,0,0,0,0,0
2025/5/30,37,0,0,0,0,0,0,0,0,0,0,0,0,0,0,0,0,0,0,0,0
2025/5/30,38,0,0,0,0,0,0,0,0,0,0,0,0,0,0,0,0,0,0,0,0
2025/5/30,39,0,0,0,0,0,0,0,0,0,0,0,0,0,0,0,0,0,0,0,0
2025/5/30,40,1,0,0,1,0,0,0,0,0,0,1,0,0,0,0,1,0,0,0,0
2025/5/30,41,0,0,0,0,0,0,0,0,0,0,0,0,0,0,0,0,0,0,0,0
2025/5/30,42,2,0,0,0,0,2,0,0,0,1,1,0,2,0,0,0,0,0,0,0
2025/5/30,43,0,0,0,0,0,0,0,0,0,0,0,0,0,0,0,0,0,0,0,0
2025/5/30,44,1,0,0,1,0,0,0,0,0,0,1,0,0,0,0,1,0,0,0,0
2025/5/30,45,0,0,0,0,0,0,0,0,0,0,0,0,0,0,0,0,0,0,0,0
2025/5/30,46,1,0,0,0,0,1,0,0,0,0,1,0,0,0,0,0,1,0,0,0
2025/5/30,47,2,0,0,0,1,1,0,0,0,1,1,0,2,0,0,0,0,0,0,0
2025/5/31,1,3,0,0,0,1,2,0,0,0,0,2,1,0,1,0,0,0,0,2,0
2025/5/31,2,0,0,0,0,0,0,0,0,0,0,0,0,0,0,0,0,0,0,0,0
2025/5/31,3,0,0,0,0,0,0,0,0,0,0,0,0,0,0,0,0,0,0,0,0
2025/5/31,4,0,0,0,0,0,0,0,0,0,0,0,0,0,0,0,0,0,0,0,0
2025/5/31,5,0,0,0,0,0,0,0,0,0,0,0,0,0,0,0,0,0,0,0,0
2025/5/31,6,0,0,0,0,0,0,0,0,0,0,0,0,0,0,0,0,0,0,0,0
2025/5/31,7,0,0,0,0,0,0,0,0,0,0,0,0,0,0,0,0,0,0,0,0
2025/5/31,8,0,0,0,0,0,0,0,0,0,0,0,0,0,0,0,0,0,0,0,0
2025/5/31,9,1,0,0,0,0,1,0,0,0,0,1,0,0,1,0,0,0,0,0,0
2025/5/31,10,0,0,0,0,0,0,0,0,0,0,0,0,0,0,0,0,0,0,0,0
2025/5/31,11,1,0,0,0,0,1,0,0,0,0,1,0,1,0,0,0,0,0,0,0
2025/5/31,12,0,0,0,0,0,0,0,0,0,0,0,0,0,0,0,0,0,0,0,0
2025/5/31,13,0,0,0,0,0,0,0,0,0,0,0,0,0,0,0,0,0,0,0,0
2025/5/31,14,0,0,0,0,0,0,0,0,0,0,0,0,0,0,0,0,0,0,0,0
2025/5/31,15,0,0,0,0,0,0,0,0,0,0,0,0,0,0,0,0,0,0,0,0
2025/5/31,16,0,0,0,0,0,0,0,0,0,0,0,0,0,0,0,0,0,0,0,0
2025/5/31,17,0,0,0,0,0,0,0,0,0,0,0,0,0,0,0,0,0,0,0,0
2025/5/31,18,0,0,0,0,0,0,0,0,0,0,0,0,0,0,0,0,0,0,0,0
2025/5/31,19,0,0,0,0,0,0,0,0,0,0,0,0,0,0,0,0,0,0,0,0
2025/5/31,20,0,0,0,0,0,0,0,0,0,0,0,0,0,0,0,0,0,0,0,0
2025/5/31,21,0,0,0,0,0,0,0,0,0,0,0,0,0,0,0,0,0,0,0,0
2025/5/31,22,0,0,0,0,0,0,0,0,0,0,0,0,0,0,0,0,0,0,0,0
2025/5/31,23,0,0,0,0,0,0,0,0,0,0,0,0,0,0,0,0,0,0,0,0
2025/5/31,24,0,0,0,0,0,0,0,0,0,0,0,0,0,0,0,0,0,0,0,0
2025/5/31,25,1,0,0,1,0,0,0,0,0,0,1,0,0,0,0,0,0,1,0,0
2025/5/31,26,0,0,0,0,0,0,0,0,0,0,0,0,0,0,0,0,0,0,0,0
2025/5/31,27,0,0,0,0,0,0,0,0,0,0,0,0,0,0,0,0,0,0,0,0
2025/5/31,28,3,0,0,1,1,1,0,0,0,0,3,0,1,0,0,0,1,1,0,0
2025/5/31,29,0,0,0,0,0,0,0,0,0,0,0,0,0,0,0,0,0,0,0,0
2025/5/31,30,0,0,0,0,0,0,0,0,0,0,0,0,0,0,0,0,0,0,0,0
2025/5/31,31,1,0,0,0,1,0,0,0,0,0,1,0,1,0,0,0,0,0,0,0
2025/5/31,32,1,0,0,1,0,0,0,0,0,1,0,0,0,0,0,1,0,0,0,0
2025/5/31,33,3,0,0,2,1,0,0,0,0,0,3,0,0,0,0,1,0,2,0,0
2025/5/31,34,0,0,0,0,0,0,0,0,0,0,0,0,0,0,0,0,0,0,0,0
2025/5/31,35,0,0,0,0,0,0,0,0,0,0,0,0,0,0,0,0,0,0,0,0
2025/5/31,36,0,0,0,0,0,0,0,0,0,0,0,0,0,0,0,0,0,0,0,0
2025/5/31,37,2,0,0,0,1,1,0,0,0,1,1,0,1,0,0,0,0,1,0,0
2025/5/31,38,0,0,0,0,0,0,0,0,0,0,0,0,0,0,0,0,0,0,0,0
2025/5/31,39,0,0,0,0,0,0,0,0,0,0,0,0,0,0,0,0,0,0,0,0
2025/5/31,40,5,0,0,1,0,4,0,0,0,2,3,0,1,1,0,0,0,2,0,1
2025/5/31,41,3,0,0,1,1,1,0,0,0,1,2,0,0,0,1,0,1,1,0,0
2025/5/31,42,0,0,0,0,0,0,0,0,0,0,0,0,0,0,0,0,0,0,0,0
2025/5/31,43,2,0,0,0,0,2,0,0,0,1,1,0,2,0,0,0,0,0,0,0
2025/5/31,44,2,0,0,1,0,1,0,0,0,1,1,0,1,0,0,0,0,0,1,0
2025/5/31,45,1,0,0,1,0,0,0,0,0,0,1,0,0,0,0,1,0,0,0,0
2025/5/31,46,1,0,0,0,0,1,0,0,0,1,0,0,1,0,0,0,0,0,0,0
2025/5/31,47,2,0,0,0,1,1,0,0,0,0,2,0,0,0,0,0,1,0,1,0
